0,0.0,0.0,0.0,0.19999999999996018,21.200000000000045,21.400000000000006,21.400000000000006,34.60000000000007,41.400000000000006,20.399999999999917,20.19999999999996,20.19999999999996,6.999999999999885,0.40000000000006253,0.40000000000006253,5.600000000000023,10.400000000000063,10.400000000000063,19.599999999999937,31.400000000000006,29.200000000000014,24.399999999999977,28.799999999999955,19.200000000000017,7.399999999999948,4.399999999999977,4.600000000000079,0.20000000000010232,0.20000000000010232,0.40000000000006253,0.40000000000006253,0.39999999999992036,0.39999999999992036,0.39999999999992036,0.6000000000000227,0.6000000000000227,0.40000000000006253,0.40000000000006253,0.40000000000006253,0.0,0.0,0.0,0.0,0.19999999999996018,0.19999999999996018,0.19999999999996018,0.19999999999996018,0.39999999999992036,0.19999999999996018,0.19999999999996018,0.39999999999992036,0.39999999999992036,0.19999999999996018,0.19999999999996018,0.19999999999996018,0.40000000000006253,0.40000000000006253,0.40000000000006253,0.40000000000006253,0.40000000000006253,0.0,0.0,0.0,0.19999999999996018,0.40000000000006253,0.40000000000006253,0.40000000000006253,0.40000000000006253,0.40000000000006253,0.19999999999996018,0.19999999999996018,0.19999999999996018,0.39999999999992036,0.19999999999996018,0.39999999999992036,0.39999999999992036,0.39999999999992036,0.19999999999996018,0.40000000000006253,0.20000000000010232,0.20000000000010232,0.20000000000010232,0.20000000000010232,0.0,0.0,0.0,0.0,0.0,0.19999999999996018,0.19999999999996018,0.39999999999992036,0.39999999999992036,0.39999999999992036,0.19999999999996018,0.7999999999999828,0.7999999999999828,0.7999999999999828,0.7999999999999828,0.7999999999999828,0.19999999999996018,0.0,0.0,0.0,0.0,0.0,0.40000000000006253,0.6000000000000227,0.6000000000000227,0.6000000000000227,0.8000000000001251,0.40000000000006253,0.20000000000010232,0.20000000000010232,0.20000000000010232,0.0,0.19999999999996018,0.19999999999996018,0.19999999999996018,0.19999999999996018,0.19999999999996018,0.0,0.0,0.0,0.19999999999996018,0.19999999999996018,0.19999999999996018,0.39999999999992036,0.6000000000000227,0.40000000000006253,0.40000000000006253,0.40000000000006253,0.20000000000010232,0.0,0.0,0.0,0.0,0.0,0.19999999999996018,0.19999999999996018,0.19999999999996018,0.19999999999996018,0.19999999999996018,0.19999999999996018,0.19999999999996018,0.19999999999996018,0.19999999999996018,0.19999999999996018,0.0,0.0,0.0,0.0,0.0,0.0,0.0,0.0,0.19999999999996018,0.19999999999996018,0.19999999999996018,0.40000000000006253,0.40000000000006253,0.20000000000010232,0.20000000000010232,0.20000000000010232,0.0,0.0,0.39999999999992036,0.39999999999992036,0.39999999999992036,0.39999999999992036,0.39999999999992036,0.0,0.0,0.0,0.0,0.0,0.0,0.20000000000010232,0.20000000000010232,0.20000000000010232,0.20000000000010232,0.20000000000010232,0.0,0.0,0.0,0.0,0.19999999999996018,0.19999999999996018,0.19999999999996018,0.19999999999996018,0.19999999999996018,0.0,0.19999999999996018,0.39999999999992036,0.39999999999992036,0.7999999999999828,6.599999999999966,6.400000000000006,6.400000000000006,6.400000000000006,5.999999999999943,0.19999999999996018,0.19999999999996018,0.0,0.0,0.20000000000010232,0.20000000000010232,0.40000000000006253,0.40000000000006253,0.40000000000006253,0.19999999999996018,0.19999999999996018,0.0,0.0,0.0,0.19999999999996018,0.19999999999996018,0.19999999999996018,0.19999999999996018,0.40000000000006253,0.20000000000010232
1,0.20000000000010232,0.20000000000010232,0.20000000000010232,0.0,0.7999999999999828,6.599999999999966,6.599999999999966,8.999999999999913,8.999999999999913,8.199999999999932,2.399999999999949,2.599999999999909,0.19999999999996018,17.600000000000048,32.60000000000005,36.599999999999966,36.400000000000006,40.0,22.59999999999991,13.400000000000034,9.40000000000012,9.40000000000012,6.000000000000085,6.000000000000085,0.19999999999996018,0.19999999999996018,0.19999999999996018,0.0,0.0,0.0,0.0,0.0,0.19999999999996018,0.19999999999996018,0.19999999999996018,0.19999999999996018,0.19999999999996018,0.0,0.0,0.0,0.19999999999996018,0.19999999999996018,0.19999999999996018,0.19999999999996018,0.19999999999996018,0.0,0.0,0.0,0.0,0.0,0.0,0.0,0.0,0.0,0.0,0.0,0.0,0.0,0.0,0.0,0.0,0.0,0.0,0.0,0.0,0.0,0.0,0.0,0.20000000000010232,0.20000000000010232,0.20000000000010232,0.20000000000010232,0.20000000000010232,0.0,0.0,0.0,0.0,0.19999999999996018,0.19999999999996018,0.19999999999996018,0.19999999999996018,0.19999999999996018,0.0,0.0,0.0,0.0,0.19999999999996018,0.19999999999996018,0.19999999999996018,0.19999999999996018,0.19999999999996018,0.0,0.0,0.0,0.0,0.0,0.0,0.0,0.0,0.19999999999996018,0.19999999999996018,0.19999999999996018,0.19999999999996018,0.19999999999996018,0.0,0.0,0.0,0.20000000000010232,0.20000000000010232,0.20000000000010232,0.20000000000010232,0.20000000000010232,0.0,0.0,0.0,0.0,0.0,0.0,0.0,0.0,0.19999999999996018,0.19999999999996018,0.19999999999996018,0.19999999999996018,0.19999999999996018,0.19999999999996018,0.19999999999996018,0.19999999999996018,0.19999999999996018,0.19999999999996018,0.0,0.0,0.0,0.0,0.0,0.0,0.0,0.0,0.0,0.0,0.0,0.0,0.20000000000010232,0.20000000000010232,0.20000000000010232,0.20000000000010232,0.40000000000006253,0.39999999999992036,0.39999999999992036,0.39999999999992036,0.39999999999992036,0.19999999999996018,0.0,0.0,0.19999999999996018,0.19999999999996018,0.19999999999996018,0.19999999999996018,0.19999999999996018,0.0,0.20000000000010232,0.20000000000010232,0.20000000000010232,0.20000000000010232,0.20000000000010232,0.0,0.0,0.0,0.0,0.0,0.0,0.19999999999996018,0.19999999999996018,0.19999999999996018,0.39999999999992036,0.39999999999992036,0.19999999999996018,0.19999999999996018,0.19999999999996018,0.0,0.0,0.0,0.0,0.0,0.0,0.20000000000010232,0.20000000000010232,0.20000000000010232,0.20000000000010232,0.20000000000010232,0.0,2.599999999999909,2.599999999999909,2.599999999999909,2.599999999999909,2.599999999999909,0.19999999999996018,0.19999999999996018,0.40000000000006253,0.40000000000006253,0.40000000000006253,0.20000000000010232,0.20000000000010232,0.0,0.0,0.0,0.0,0.0,0.0,0.19999999999996018,0.19999999999996018,0.19999999999996018,0.19999999999996018,0.19999999999996018,0.19999999999996018,0.19999999999996018,0.19999999999996018,0.19999999999996018,0.19999999999996018,0.0
2,0.0,0.0,0.0,0.0,1.2000000000000455,1.2000000000000455,6.400000000000006,6.400000000000006,6.600000000000107,5.4000000000000625,5.4000000000000625,0.20000000000010232,5.600000000000023,5.39999999999992,9.399999999999977,18.999999999999915,18.999999999999915,24.80000000000004,24.80000000000004,29.200000000000014,19.60000000000008,19.60000000000008,8.400000000000034,8.400000000000034,0.0,0.0,0.0,0.0,0.19999999999996018,0.19999999999996018,0.19999999999996018,0.19999999999996018,0.19999999999996018,0.19999999999996018,0.19999999999996018,0.19999999999996018,0.19999999999996018,0.19999999999996018,0.0,0.0,0.0,0.0,0.0,0.19999999999996018,0.40000000000006253,0.40000000000006253,0.40000000000006253,0.40000000000006253,0.20000000000010232,0.0,0.0,0.0,0.0,0.19999999999996018,0.19999999999996018,0.19999999999996018,0.19999999999996018,0.19999999999996018,0.0,0.0,0.0,0.0,0.0,0.0,0.19999999999996018,0.19999999999996018,0.19999999999996018,0.19999999999996018,0.19999999999996018,0.0,0.0,0.0,0.0,0.0,0.20000000000010232,0.20000000000010232,0.20000000000010232,0.20000000000010232,0.20000000000010232,0.0,0.0,0.0,0.0,0.19999999999996018,0.19999999999996018,0.19999999999996018,0.19999999999996018,0.19999999999996018,0.0,0.0,0.0,0.0,0.0,0.0,0.0,0.19999999999996018,0.19999999999996018,0.19999999999996018,0.19999999999996018,0.19999999999996018,0.0,0.0,0.0,0.0,0.0,0.0,0.0,0.0,0.0,0.0,0.0,0.0,0.0,0.0,0.0,0.0,0.0,0.19999999999996018,0.19999999999996018,0.19999999999996018,0.19999999999996018,0.19999999999996018,0.0,0.0,0.0,0.40000000000006253,0.40000000000006253,0.40000000000006253,0.40000000000006253,0.40000000000006253,0.0,0.0,0.0,0.0,0.0,0.19999999999996018,0.19999999999996018,0.19999999999996018,0.19999999999996018,0.19999999999996018,0.20000000000010232,0.20000000000010232,0.20000000000010232,0.20000000000010232,0.20000000000010232,0.0,0.0,0.0,0.0,0.0,0.0,0.0,0.0,0.0,0.0,0.0,0.0,0.0,0.0,0.0,0.19999999999996018,0.19999999999996018,0.19999999999996018,0.19999999999996018,0.19999999999996018,0.0,0.0,0.0,0.0,0.0,0.0,0.0,0.19999999999996018,0.19999999999996018,0.19999999999996018,0.19999999999996018,0.19999999999996018,0.0,0.0,0.0,0.0,0.0,0.0,0.19999999999996018,0.19999999999996018,0.19999999999996018,0.19999999999996018,0.19999999999996018,0.0,0.20000000000010232,0.20000000000010232,0.20000000000010232,2.1999999999999886,2.1999999999999886,1.9999999999998863,1.9999999999998863,1.9999999999998863,0.20000000000010232,0.20000000000010232,0.20000000000010232,0.20000000000010232,0.20000000000010232,0.0,0.0,0.19999999999996018,0.19999999999996018,0.39999999999992036,0.39999999999992036,0.39999999999992036,0.19999999999996018,0.19999999999996018,0.0,0.0,0.0,0.0,0.20000000000010232,0.20000000000010232,0.20000000000010232,0.20000000000010232,0.20000000000010232
3,0.0,0.0,0.0,0.19999999999996018,0.7999999999999828,0.7999999999999828,3.1999999999999313,3.1999999999999313,2.9999999999999716,2.399999999999949,2.399999999999949,0.19999999999996018,0.19999999999996018,26.800000000000068,29.200000000000014,38.799999999999955,40.400000000000055,42.80000000000001,16.199999999999903,17.80000000000001,9.40000000000012,7.600000000000051,5.200000000000101,5.200000000000101,1.2000000000000455,0.19999999999996018,0.19999999999996018,0.19999999999996018,0.19999999999996018,0.19999999999996018,0.0,0.0,0.0,0.0,0.19999999999996018,0.19999999999996018,0.19999999999996018,0.19999999999996018,0.19999999999996018,0.0,0.0,0.0,0.19999999999996018,0.19999999999996018,0.19999999999996018,0.19999999999996018,0.19999999999996018,0.0,0.20000000000010232,0.20000000000010232,0.20000000000010232,0.20000000000010232,0.20000000000010232,0.0,0.0,0.19999999999996018,0.19999999999996018,0.19999999999996018,0.19999999999996018,0.19999999999996018,0.0,0.0,0.19999999999996018,0.19999999999996018,0.19999999999996018,0.19999999999996018,0.19999999999996018,0.0,0.0,0.0,0.0,0.0,0.0,0.0,0.0,0.19999999999996018,0.19999999999996018,0.19999999999996018,0.40000000000006253,0.40000000000006253,0.20000000000010232,0.20000000000010232,0.20000000000010232,0.0,0.19999999999996018,0.19999999999996018,0.39999999999992036,0.39999999999992036,0.39999999999992036,0.19999999999996018,0.40000000000006253,0.20000000000010232,0.20000000000010232,0.20000000000010232,0.20000000000010232,0.0,0.19999999999996018,0.19999999999996018,0.19999999999996018,0.19999999999996018,0.19999999999996018,0.0,0.0,0.0,0.0,0.19999999999996018,0.19999999999996018,0.19999999999996018,0.39999999999992036,0.39999999999992036,0.19999999999996018,0.19999999999996018,0.19999999999996018,0.20000000000010232,0.20000000000010232,0.20000000000010232,0.20000000000010232,0.20000000000010232,0.0,0.0,0.0,0.0,0.19999999999996018,0.19999999999996018,0.19999999999996018,0.19999999999996018,0.19999999999996018,0.0,0.19999999999996018,0.19999999999996018,0.19999999999996018,0.19999999999996018,0.19999999999996018,0.0,0.0,0.0,0.0,0.0,0.20000000000010232,0.20000000000010232,0.40000000000006253,0.40000000000006253,0.40000000000006253,0.19999999999996018,0.19999999999996018,0.0,0.0,0.0,0.0,0.0,0.0,0.19999999999996018,0.19999999999996018,0.19999999999996018,0.39999999999992036,0.39999999999992036,0.19999999999996018,0.19999999999996018,0.19999999999996018,0.0,0.0,0.0,0.0,0.0,0.0,0.0,0.0,0.0,0.0,0.0,0.0,0.20000000000010232,0.20000000000010232,0.20000000000010232,0.20000000000010232,0.20000000000010232,0.0,0.19999999999996018,0.19999999999996018,0.19999999999996018,0.19999999999996018,0.19999999999996018,0.0,0.19999999999996018,0.19999999999996018,0.19999999999996018,0.19999999999996018,0.19999999999996018,0.0,0.0,0.20000000000010232,2.6000000000000507,2.6000000000000507,2.6000000000000507,2.6000000000000507,2.399999999999949,0.0,0.0,0.0,0.0,0.0,0.0,0.19999999999996018,0.19999999999996018,0.19999999999996018,0.19999999999996018,0.19999999999996018,0.19999999999996018,0.19999999999996018,0.19999999999996018,0.40000000000006253,0.40000000000006253,0.20000000000010232,0.20000000000010232,0.20000000000010232,0.0,0.0,0.0,0.19999999999996018,0.19999999999996018
4,0.19999999999996018,0.19999999999996018,0.19999999999996018,0.0,0.6000000000000227,2.399999999999949,7.399999999999948,7.600000000000051,7.600000000000051,7.000000000000028,5.200000000000101,0.20000000000010232,3.5999999999999943,3.5999999999999943,7.599999999999908,11.400000000000004,11.400000000000004,10.600000000000023,10.600000000000023,10.799999999999981,11.400000000000004,11.400000000000004,8.599999999999994,8.599999999999994,4.400000000000119,0.0,0.0,0.0,0.0,0.19999999999996018,0.19999999999996018,0.19999999999996018,0.19999999999996018,0.19999999999996018,0.19999999999996018,0.19999999999996018,0.39999999999992036,0.39999999999992036,0.39999999999992036,0.19999999999996018,0.19999999999996018,0.0,0.20000000000010232,0.20000000000010232,0.20000000000010232,0.20000000000010232,0.20000000000010232,0.0,0.0,0.0,0.0,0.0,0.0,0.0,0.0,0.0,0.0,0.0,0.0,0.0,0.0,0.0,0.0,0.0,0.0,0.0,0.0,0.0,0.19999999999996018,0.19999999999996018,0.19999999999996018,0.19999999999996018,0.19999999999996018,0.0,0.0,0.0,0.0,0.0,0.0,0.0,0.19999999999996018,0.19999999999996018,0.19999999999996018,0.19999999999996018,0.40000000000006253,0.20000000000010232,0.20000000000010232,0.20000000000010232,0.20000000000010232,0.0,0.19999999999996018,0.19999999999996018,0.19999999999996018,0.19999999999996018,0.19999999999996018,0.0,0.0,0.0,0.0,0.0,0.19999999999996018,0.19999999999996018,0.39999999999992036,0.39999999999992036,0.39999999999992036,0.19999999999996018,0.19999999999996018,0.0,0.0,0.20000000000010232,0.20000000000010232,0.40000000000006253,0.40000000000006253,0.40000000000006253,0.19999999999996018,0.19999999999996018,0.19999999999996018,0.19999999999996018,0.19999999999996018,0.19999999999996018,0.19999999999996018,0.0,0.0,0.0,0.0,0.0,0.19999999999996018,0.19999999999996018,0.19999999999996018,0.19999999999996018,0.19999999999996018,0.0,0.0,0.0,0.20000000000010232,0.20000000000010232,0.20000000000010232,0.20000000000010232,0.40000000000006253,0.19999999999996018,0.19999999999996018,0.19999999999996018,0.19999999999996018,0.0,0.0,0.0,0.19999999999996018,0.19999999999996018,0.19999999999996018,0.40000000000006253,0.40000000000006253,0.40000000000006253,0.40000000000006253,0.40000000000006253,0.1996805111820689,0.19999999999996018,0.19999999999996018,0.19999999999996018,0.19999999999996018,0.20032051282047295,0.19999999999996018,0.0,0.0,0.0,0.19999999999996018,0.19999999999996018,0.19999999999996018,0.19999999999996018,0.19999999999996018,0.0,0.0,0.0,0.0,0.0,0.0,0.20000000000010232,0.20000000000010232,0.20000000000010232,0.20000000000010232,0.20000000000010232,0.0,0.0,0.0,0.0,0.0,0.0,0.0,0.0,0.0,0.0,0.0,0.0,9.799999999999898,9.799999999999898,9.799999999999898,10.0,10.0,0.20000000000010232,0.20000000000010232,0.20000000000010232,0.0,0.0,0.0,0.0,0.0,0.0,0.0,0.0,0.19999999999996018,0.19999999999996018,0.19999999999996018,0.19999999999996018,0.19999999999996018,0.0,0.0,0.40000000000006253,0.40000000000006253,0.40000000000006253,0.6000000000000227,0.6000000000000227
5,0.19999999999996018,0.19999999999996018,0.19999999999996018,0.0,0.39999999999992036,3.5999999999999943,3.5999999999999943,5.39999999999992,5.39999999999992,5.0,1.7999999999999259,1.7999999999999259,0.0,15.0,15.0,38.000000000000114,39.80000000000003,39.80000000000003,32.80000000000001,47.00000000000003,27.199999999999985,25.400000000000063,25.400000000000063,17.40000000000009,3.400000000000034,0.19999999999996018,0.19999999999996018,0.19999999999996018,0.19999999999996018,0.0,0.0,0.0,0.0,0.0,0.19999999999996018,0.19999999999996018,0.40000000000006253,0.40000000000006253,0.40000000000006253,0.20000000000010232,0.40000000000006253,0.19999999999996018,0.19999999999996018,0.19999999999996018,0.19999999999996018,0.0,0.0,0.0,0.19999999999996018,0.19999999999996018,0.19999999999996018,0.19999999999996018,0.19999999999996018,0.0,0.0,0.0,0.0,0.0,0.0,0.0,0.0,0.0,0.0,0.0,0.0,0.0,0.0,0.19999999999996018,0.19999999999996018,0.19999999999996018,0.40000000000006253,0.40000000000006253,0.20000000000010232,0.20000000000010232,0.20000000000010232,0.0,0.0,0.0,0.0,0.0,0.0,0.0,0.0,0.0,0.0,0.0,0.39999999999992036,0.39999999999992036,0.39999999999992036,0.39999999999992036,0.39999999999992036,0.0,0.0,0.0,0.0,0.0,0.0,0.0,0.0,0.0,0.0,0.0,0.0,0.0,0.0,0.0,0.0,0.0,0.0,0.19999999999996018,0.19999999999996018,0.19999999999996018,0.19999999999996018,0.19999999999996018,0.0,0.0,0.20000000000010232,0.20000000000010232,0.20000000000010232,0.20000000000010232,0.20000000000010232,0.0,0.0,0.0,0.0,0.19999999999996018,0.19999999999996018,0.19999999999996018,0.19999999999996018,0.19999999999996018,0.0,0.0,0.0,0.0,0.19999999999996018,0.19999999999996018,0.19999999999996018,0.19999999999996018,0.19999999999996018,0.0,0.0,0.0,0.0,0.0,0.20000000000010232,0.20000000000010232,0.20000000000010232,0.20000000000010232,0.20000000000010232,0.0,0.0,0.0,0.0,0.0,0.0,0.0,0.0,0.0,0.19999999999996018,0.19999999999996018,0.19999999999996018,0.19999999999996018,0.19999999999996018,0.19999999999996018,0.19999999999996018,0.19999999999996018,0.19999999999996018,0.19999999999996018,0.0,0.0,0.0,0.0,0.0,0.19999999999996018,0.19999999999996018,0.19999999999996018,0.19999999999996018,0.19999999999996018,0.0,0.0,0.0,0.0,0.0,0.0,0.20000000000010232,0.40000000000006253,0.40000000000006253,0.40000000000006253,0.40000000000006253,1.4000000000000057,1.2000000000000455,2.8000000000000114,2.8000000000000114,3.1999999999999313,1.9999999999998863,1.9999999999998863,0.39999999999992036,0.39999999999992036,0.0,0.0,0.20000000000010232,0.20000000000010232,0.20000000000010232,0.20000000000010232,0.20000000000010232,0.0,0.0,0.0,0.19999999999996018,0.19999999999996018,0.39999999999992036,0.39999999999992036,0.39999999999992036,0.19999999999996018,0.19999999999996018,0.0,0.0,0.20000000000010232,0.20000000000010232,0.20000000000010232
6,0.20000000000010232,0.20000000000010232,0.19999999999996018,0.19999999999996018,0.19999999999996018,1.5999999999999657,1.5999999999999657,6.599999999999966,6.599999999999966,6.599999999999966,5.19999999999996,5.39999999999992,0.19999999999996018,4.80000000000004,13.599999999999993,26.000000000000085,27.60000000000005,27.60000000000005,25.600000000000023,17.40000000000009,8.999999999999913,7.199999999999989,7.199999999999989,4.5999999999999375,4.199999999999875,0.19999999999996018,0.19999999999996018,0.19999999999996018,0.40000000000006253,0.20000000000010232,0.20000000000010232,0.20000000000010232,0.20000000000010232,0.0,0.0,0.19999999999996018,0.19999999999996018,0.19999999999996018,0.19999999999996018,0.19999999999996018,0.0,0.7999999999999828,0.7999999999999828,0.7999999999999828,0.7999999999999828,0.7999999999999828,0.19999999999996018,0.19999999999996018,0.19999999999996018,0.19999999999996018,0.19999999999996018,0.0,0.0,0.0,0.0,0.0,0.20000000000010232,0.20000000000010232,0.20000000000010232,0.20000000000010232,0.20000000000010232,0.0,0.0,0.0,0.0,0.0,0.0,0.0,0.0,0.0,0.0,0.0,0.0,0.0,0.19999999999996018,0.19999999999996018,0.19999999999996018,0.19999999999996018,0.19999999999996018,0.19999999999996018,0.19999999999996018,0.19999999999996018,0.19999999999996018,0.19999999999996018,0.0,0.0,0.0,0.0,0.0,0.0,0.0,0.0,0.0,0.0,0.0,0.19999999999996018,0.19999999999996018,0.19999999999996018,0.19999999999996018,0.40000000000006253,0.20000000000010232,0.20000000000010232,0.20000000000010232,0.20000000000010232,0.0,0.0,0.0,0.0,0.0,0.0,0.0,0.0,0.0,0.0,0.0,0.0,0.19999999999996018,0.19999999999996018,0.19999999999996018,0.39999999999992036,0.39999999999992036,0.19999999999996018,0.19999999999996018,0.19999999999996018,0.0,0.0,0.0,0.0,0.0,0.0,0.20000000000010232,0.20000000000010232,0.20000000000010232,0.40000000000006253,0.40000000000006253,0.19999999999996018,0.19999999999996018,0.19999999999996018,0.0,0.0,0.0,0.39999999999992036,0.39999999999992036,0.39999999999992036,0.39999999999992036,0.39999999999992036,0.0,0.20000000000010232,0.20000000000010232,0.20000000000010232,0.40000000000006253,0.40000000000006253,0.19999999999996018,0.19999999999996018,0.19999999999996018,0.0,0.0,0.0,0.0,0.0,0.0,0.19999999999996018,0.20044097013425555,0.19999999999996018,0.19999999999996018,0.19999999999996018,0.0,0.40000000000006253,0.40000000000006253,0.40000000000006253,0.40000000000006253,0.40000000000006253,0.0,0.19999999999996018,0.19999999999996018,0.19999999999996018,0.19999999999996018,0.19999999999996018,0.19999999999996018,0.19999999999996018,0.19999999999996018,0.19999999999996018,0.19999999999996018,0.0,0.20000000000010232,0.20000000000010232,0.20000000000010232,0.20000000000010232,0.20000000000010232,0.0,0.0,0.0,1.9999999999998863,1.9999999999998863,1.9999999999998863,1.9999999999998863,1.9999999999998863,0.0,0.0,0.0,0.0,0.0,0.0,0.0,0.0,0.0,0.0,0.0,0.0,0.0,0.0,0.0,0.0,0.0,0.20000000000010232,0.20000000000010232,0.20000000000010232,0.20000000000010232,0.20000000000010232,0.0
7,0.0,0.0,0.19999999999996018,0.19999999999996018,0.19999999999996018,2.8000000000000114,2.8000000000000114,6.599999999999966,6.599999999999966,6.599999999999966,3.9999999999999147,3.9999999999999147,0.0,5.799999999999983,8.200000000000074,8.200000000000074,13.400000000000034,20.200000000000102,16.000000000000085,13.599999999999993,16.199999999999903,11.800000000000068,5.0,7.000000000000028,7.399999999999948,4.80000000000004,3.9999999999999147,3.9999999999999147,0.39999999999992036,0.0,0.0,0.0,0.0,0.19999999999996018,0.19999999999996018,0.19999999999996018,0.19999999999996018,0.19999999999996018,0.20000000000010232,0.20000000000010232,0.20000000000010232,0.20000000000010232,0.20000000000010232,0.0,0.19999999999996018,0.19999999999996018,0.19999999999996018,0.19999999999996018,0.19999999999996018,0.0,0.0,0.0,0.19999999999996018,0.19999999999996018,0.19999999999996018,0.19999999999996018,0.19999999999996018,0.0,0.0,0.20000000000010232,0.20000000000010232,0.20000000000010232,0.20000000000010232,0.20000000000010232,0.0,0.0,0.0,0.0,0.0,0.0,0.19999999999996018,0.19999999999996018,0.19999999999996018,0.19999999999996018,0.19999999999996018,0.19999999999996018,0.19999999999996018,0.19999999999996018,0.19999999999996018,0.39999999999992036,0.19999999999996018,0.19999999999996018,0.19999999999996018,0.19999999999996018,0.0,0.0,0.0,0.20000000000010232,0.20000000000010232,0.20000000000010232,0.19968051118221075,0.20000000000010232,0.19999999999996018,0.19999999999996018,0.39999999999992036,0.4006410256409459,0.39999999999992036,0.19999999999996018,0.19999999999996018,0.0,0.0,0.20000000000010232,0.20000000000010232,0.20000000000010232,0.20000000000010232,0.20000000000010232,0.0,0.0,0.0,0.0,0.19999999999996018,0.19999999999996018,0.19999999999996018,0.39999999999992036,0.5999999999998806,0.39999999999992036,0.39999999999992036,0.39999999999992036,0.19999999999996018,0.0,0.0,0.0,0.0,0.0,0.0,0.0,0.0,0.20000000000010232,0.6000000000000227,0.6000000000000227,1.2000000000000455,1.2000000000000455,0.9999999999999432,0.6000000000000227,0.6000000000000227,0.40000000000006253,0.40000000000006253,0.40000000000006253,0.40000000000006253,0.40000000000006253,0.0,0.0,0.0,0.0,0.19999999999996018,0.39999999999992036,0.39999999999992036,0.39999999999992036,0.39999999999992036,0.19999999999996018,0.0,0.0,0.0,0.0,0.40000000000006253,0.40000000000006253,0.40000000000006253,0.40000000000006253,0.40000000000006253,0.0,0.0,0.0,0.19999999999996018,0.19999999999996018,0.19999999999996018,0.19999999999996018,0.19999999999996018,0.0,0.19999999999996018,0.19999999999996018,0.19999999999996018,0.19999999999996018,0.19999999999996018,0.0,0.0,0.0,0.0,0.0,0.0,0.20000000000010232,0.20000000000010232,0.20000000000010232,0.20000000000010232,0.40000000000006253,0.19999999999996018,0.19999999999996018,0.19999999999996018,0.19999999999996018,0.0,0.0,0.0,0.0,1.2000000000000455,1.2000000000000455,1.2000000000000455,1.2000000000000455,1.2000000000000455,0.0,0.0,0.0,0.0,0.0,0.0,0.0,0.0,0.0,0.0,0.0,0.0,0.0,0.19999999999996018,0.19999999999996018,0.19999999999996018,0.19999999999996018,0.39999999999992036,0.19999999999996018,0.19999999999996018,0.19999999999996018,0.19999999999996018,0.0
8,0.19999999999996018,0.19999999999996018,0.19999999999996018,0.19999999999996018,0.19999999999996018,0.6000000000000227,2.0000000000000284,3.0000000000001137,3.0000000000001137,3.2000000000000735,2.6000000000000507,1.2000000000000455,0.39999999999992036,0.39999999999992036,17.39999999999995,21.400000000000006,21.400000000000006,27.399999999999945,27.399999999999945,20.0,17.99999999999997,18.799999999999955,12.60000000000005,12.60000000000005,2.8000000000000114,0.7999999999999828,0.19999999999996018,0.19999999999996018,0.19999999999996018,0.19999999999996018,0.40000000000006253,0.20000000000010232,0.6000000000000227,0.6000000000000227,0.6000000000000227,0.39999999999992036,0.39999999999992036,0.0,0.20000000000010232,0.20000000000010232,0.40000000000006253,0.40000000000006253,0.40000000000006253,0.19999999999996018,0.19999999999996018,0.19999999999996018,0.19999999999996018,0.19999999999996018,0.19999999999996018,0.39999999999992036,0.19999999999996018,0.19999999999996018,0.19999999999996018,0.19999999999996018,0.0,0.20000000000010232,0.20000000000010232,0.40000000000006253,0.40000000000006253,0.40000000000006253,0.19999999999996018,0.19999999999996018,0.0,0.0,0.0,0.0,0.0,0.0,0.0,0.19999999999996018,0.19999999999996018,0.19999999999996018,0.19999999999996018,0.19999999999996018,0.0,0.0,0.19999999999996018,0.19999999999996018,0.19999999999996018,0.19999999999996018,0.7999999999999828,0.6000000000000227,0.6000000000000227,0.8000000000001251,0.8000000000001251,0.20000000000010232,0.20000000000010232,0.20000000000010232,0.0,0.0,0.0,0.0,0.19999999999996018,0.19999999999996018,0.19999999999996018,0.39999999999992036,0.39999999999992036,0.19999999999996018,0.19999999999996018,0.19999999999996018,0.0,0.0,0.0,0.0,0.0,0.0,0.19999999999996018,0.19999999999996018,0.19999999999996018,0.19999999999996018,0.19999999999996018,0.0,0.20000000000010232,0.20000000000010232,0.20000000000010232,0.20000000000010232,0.20000000000010232,0.19999999999996018,0.19999999999996018,0.19999999999996018,0.19999999999996018,0.19999999999996018,0.0,0.0,0.0,0.0,0.0,0.0,0.0,0.0,0.0,0.0,0.0,0.0,0.19999999999996018,0.19999999999996018,0.19999999999996018,0.19999999999996018,0.19999999999996018,0.0,0.0,0.0,0.0,0.0,0.0,0.0,0.0,0.0,0.0,0.0,0.0,0.0,0.0,0.0,0.0,0.20000000000010232,0.20000000000010232,0.20000000000010232,0.20000000000010232,0.20000000000010232,0.0,0.0,0.19999999999996018,0.19999999999996018,0.39999999999992036,0.39999999999992036,0.39999999999992036,0.19999999999996018,0.19999999999996018,0.0,0.0,0.0,0.0,0.0,0.0,0.40000000000006253,0.40000000000006253,0.6000000000000227,0.6000000000000227,0.6000000000000227,0.19999999999996018,0.19999999999996018,0.0,0.0,0.0,0.40000000000006253,0.40000000000006253,0.40000000000006253,0.40000000000006253,0.40000000000006253,0.0,0.0,3.9999999999999147,3.9999999999999147,3.9999999999999147,4.199999999999875,4.199999999999875,0.19999999999996018,0.19999999999996018,0.19999999999996018,0.20000000000010232,0.20000000000010232,0.20000000000010232,0.20000000000010232,0.20000000000010232,0.0,0.0,0.19999999999996018,0.19999999999996018,0.19999999999996018,0.19999999999996018,0.19999999999996018,0.19999999999996018,0.19999999999996018,0.19999999999996018,0.19999999999996018,0.19999999999996018,0.20000000000010232,0.20000000000010232,0.20000000000010232
9,0.20000000000010232,0.40000000000006253,0.19999999999996018,0.19999999999996018,0.39999999999992036,3.797721367179647,3.5999999999999943,4.399999999999977,4.399999999999977,4.399999999999977,1.2007204322594012,1.2000000000000455,0.40000000000006253,4.399999999999977,4.200000000000017,6.799999999999925,11.999999999999886,13.599999999999993,9.60000000000008,13.599999999999993,20.19999999999996,15.999999999999941,14.599999999999937,14.599999999999937,10.600000000000023,1.2000000000000455,0.20000000000010232,0.0,0.0,0.0,0.0,0.0,0.0,0.0,0.0,0.0,0.0,0.0,0.0,0.0,0.0,0.20000000000010232,0.20000000000010232,0.20000000000010232,0.20000000000010232,0.20000000000010232,0.0,0.0,0.0,0.0,0.0,0.0,0.0,0.0,0.0,0.0,0.0,0.0,0.0,0.0,0.19999999999981807,0.19999999999981807,0.19999999999981807,0.39999999999992036,0.39999999999992036,0.20000000000010232,0.20000000000010232,0.20000000000010232,0.0,0.0,0.0,0.0,0.0,0.0,0.0,0.20000000000010232,0.20000000000010232,0.20000000000010232,0.20000000000010232,0.20000000000010232,0.0,0.0,0.0,0.0,0.0,0.19999999999981807,0.19999999999981807,0.19999999999981807,0.19999999999981807,0.19999999999981807,0.0,0.0,0.0,0.0,0.0,0.0,0.0,0.0,0.0,0.20000000000010232,0.20000000000010232,0.20000000000010232,0.20000000000010232,0.39999999999992036,0.19999999999981807,0.19999999999981807,0.19999999999981807,0.19999999999981807,0.0,0.0,0.0,0.0,0.20000000000010232,0.20000000000010232,0.20000000000010232,0.20000000000010232,0.20000000000010232,0.0,0.0,0.20000000000010232,0.20000000000010232,0.20000000000010232,0.20000000000010232,0.20000000000010232,0.0,0.39999999999992036,0.39999999999992036,0.39999999999992036,0.39999999999992036,0.39999999999992036,0.0,0.0,0.0,0.0,0.0,0.0,0.0,0.0,0.0,0.0,0.20000000000010232,0.20000000000010232,0.20000000000010232,0.20000000000010232,0.20000000000010232,0.0,0.19999999999981807,0.19999999999981807,0.19999999999981807,0.39999999999992036,0.39999999999992036,0.20000000000010232,0.20000000000010232,0.20000000000010232,0.0,0.0,0.0,0.20000000000010232,0.20000000000010232,0.20000000000010232,0.20000000000010232,0.20000000000010232,0.0,0.0,0.0,0.0,0.0,0.0,0.19999999999981807,0.19999999999981807,0.19999999999981807,0.19999999999981807,0.39999999999992036,0.20000000000010232,0.20000000000010232,0.20000000000010232,0.20000000000010232,0.0,0.0,0.0,0.399440782903855,0.39999999999992036,0.39999999999992036,0.39999999999992036,0.39999999999992036,0.0,0.0,0.0,0.0,0.20000000000010232,0.20000000000010232,0.20000000000010232,0.20000000000010232,3.799999999999954,3.5999999999998518,3.799999999999954,3.799999999999954,3.799999999999954,0.20000000000010232,0.20000000000010232,0.0,0.0,0.20000000000010232,0.20000000000010232,0.20000000000010232,0.39999999999992036,0.6000000000000227,0.39999999999992036,0.39999999999992036,0.39999999999992036,0.20000000000010232,0.0,0.0,0.0,0.0,0.0,0.0,0.0,0.20000000000010232,0.20000000000010232
10,0.20000000000010232,0.20000000000010232,0.20000000000010232,0.0,0.0,1.9999999999998863,1.9999999999998863,2.799999999999727,2.799999999999727,2.799999999999727,0.7999999999998407,0.7999999999998407,0.20000000000010232,0.20000000000010232,5.600000000000023,8.400000000000034,17.20000000000027,30.999999999999943,30.999999999999943,25.600000000000023,24.600000000000076,16.399999999999864,2.400000000000091,3.799999999999954,4.000000000000057,2.1999999999999886,2.8000000000000114,2.8000000000000114,1.4000000000001476,1.2000000000000455,1.2000000000000455,0.0,0.0,0.20000000000010232,0.20000000000010232,0.20000000000010232,0.20000000000010232,0.20000000000010232,0.0,0.0,0.19999999999981807,0.19999999999981807,0.19999999999981807,0.19999999999981807,0.39999999999992036,0.20000000000010232,0.20000000000010232,0.20000000000010232,0.40000000000020464,0.20000000000010232,0.20000000000010232,0.20000000000010232,0.20000000000010232,0.0,0.19999999999981807,0.19999999999981807,0.19999999999981807,0.19999999999981807,0.19999999999981807,0.0,0.0,0.0,0.0,0.0,0.0,0.0,0.20000000000010232,0.20000000000010232,0.20000000000010232,0.39999999999992036,0.39999999999992036,0.19999999999981807,0.19999999999981807,0.19999999999981807,0.20000000000010232,0.20000000000010232,0.20000000000010232,0.20000000000010232,0.20000000000010232,0.0,0.0,0.0,0.0,0.20000000000010232,0.20000000000010232,0.20000000000010232,0.20000000000010232,0.20000000000010232,0.0,0.0,0.0,0.0,0.0,0.0,0.0,0.0,0.19999999999981807,0.19999999999981807,0.19999999999981807,0.19999999999981807,0.19999999999981807,0.0,0.0,0.0,0.0,0.0,0.0,0.0,0.0,0.0,0.0,0.0,0.0,0.0,0.0,0.20000000000010232,0.20000000000010232,0.20000000000010232,0.20000000000010232,0.20000000000010232,0.0,0.0,0.0,0.0,0.0,0.0,0.0,0.0,0.0,0.20000000000010232,0.20000000000010232,0.20000000000010232,0.20000000000010232,0.20000000000010232,0.19999999999981807,0.19999999999981807,0.19999999999981807,0.19999999999981807,0.19999999999981807,0.0,0.20000000000010232,0.20000000000010232,0.20000000000010232,0.20000000000010232,0.20000000000010232,0.0,0.0,0.0,0.0,0.0,0.0,0.0,0.0,0.0,0.39999999999992036,0.39999999999992036,0.39999999999992036,0.39999999999992036,0.39999999999992036,0.0,0.0,0.0,0.0,0.0,0.0,0.0,0.0,0.0,0.0,0.0,0.0,0.20000000000010232,0.20000000000010232,0.20000000000010232,0.20000000000010232,0.20000000000010232,0.19999999999981807,0.19999999999981807,0.19999999999981807,0.19999999999981807,0.19999999999981807,0.0,0.20000000000010232,0.20000000000010232,0.20000000000010232,0.20000000000010232,0.20000000000010232,0.0,0.0,0.0,0.0,0.20000000000010232,2.0000000000001705,2.0000000000001705,2.0000000000001705,2.1999999999999886,1.9999999999998863,0.19999999999981807,0.19999999999981807,0.19999999999981807,0.0,0.0,0.0,0.0,0.20000000000010232,0.20000000000010232,0.39999999999992036,0.39999999999992036,0.39999999999992036,0.19999999999981807,0.19999999999981807,0.0,0.20000000000010232,0.20000000000010232,0.40000000000020464,0.40000000000020464,0.40000000000020464,0.20000000000010232,0.20000000000010232,0.0
11,0.0,0.0,0.0,0.0,0.0,0.19999999999981807,1.2000000000000455,1.2000000000000455,1.9999999999998863,1.9999999999998863,2.0000000000001705,0.9999999999999432,1.1999999999997613,3.1999999999999313,3.1999999999999313,6.399999999999863,6.399999999999863,8.000000000000114,7.00000000000017,8.000000000000114,4.600000000000079,4.600000000000079,5.999999999999943,5.0,5.999999999999943,5.999999999999943,5.999999999999943,2.8000000000000114,1.9999999999998863,0.20000000000010232,0.20000000000010232,0.20000000000010232,0.20000000000010232,0.39999999999992036,0.19999999999981807,0.19999999999981807,0.19999999999981807,0.19999999999981807,0.0,0.20000000000010232,0.20000000000010232,0.20000000000010232,0.20000000000010232,0.20000000000010232,0.0,0.0,0.0,0.0,0.0,0.20000000000010232,0.20000000000010232,0.20000000000010232,0.20000000000010232,0.20000000000010232,0.0,0.0,0.0,0.19999999999981807,0.19999999999981807,0.19999999999981807,0.19999999999981807,0.19999999999981807,0.20000000000010232,0.20000000000010232,0.20000000000010232,0.20000000000010232,0.20000000000010232,0.0,0.0,0.0,0.20000000000010232,0.20000000000010232,0.20000000000010232,0.20000000000010232,0.20000000000010232,0.0,0.0,0.0,0.0,0.0,0.0,0.0,0.0,0.0,0.0,0.0,0.0,0.0,0.0,0.19999999999981807,0.19999999999981807,0.19999999999981807,0.19999999999981807,0.19999999999981807,0.0,0.40000000000020464,0.40000000000020464,0.40000000000020464,0.40000000000020464,0.40000000000020464,0.0,0.0,0.0,0.0,0.0,0.0,0.0,0.0,0.0,0.0,0.0,0.0,0.0,0.0,0.19999999999981807,0.19999999999981807,0.19999999999981807,0.19999999999981807,0.19999999999981807,0.0,0.0,0.0,0.0,0.0,0.0,0.0,0.0,0.0,0.20000000000010232,0.20000000000010232,0.20000000000010232,0.20000000000010232,0.20000000000010232,0.0,0.0,0.0,0.0,0.19999999999981807,0.19999999999981807,0.19999999999981807,0.19999999999981807,0.39999999999992036,0.20000000000010232,0.20000000000010232,0.20000000000010232,0.20000000000010232,0.0,0.0,0.0,0.0,0.0,0.0,3.0000000000001137,3.0000000000001137,3.0000000000001137,3.0000000000001137,3.0000000000001137,0.19999999999981807,0.19999999999981807,0.19999999999981807,0.19999999999981807,0.19999999999981807,0.0,0.0,0.0,0.0,0.20000000000010232,0.20000000000010232,0.20000000000010232,0.20000000000010232,0.20000000000010232,0.0,0.0,0.0,0.20000000000010232,0.20000000000010232,0.20000000000010232,0.8000000000001251,0.8000000000001251,0.6000000000000227,0.6000000000000227,0.6000000000000227,0.0,0.0,0.0,0.19999999999981807,0.19999999999981807,0.19999999999981807,0.19999999999981807,0.19999999999981807,0.0,0.20000000000010232,0.9999999999999432,0.9999999999999432,1.2000000000000455,1.2000000000000455,0.9999999999999432,0.20000000000010232,0.40000000000020464,0.20000000000010232,0.20000000000010232,0.20000000000010232,0.20000000000010232,0.0,0.0,0.19999999999981807,0.19999999999981807,0.19999999999981807,0.19999999999981807,0.19999999999981807,0.0,0.0,0.0,0.0,0.20000000000010232,0.20000000000010232,0.20000000000010232,0.20000000000010232,0.20000000000010232,0.0
12,0.0,0.0,0.0,0.0,0.0,0.9999999999999432,0.9999999999999432,3.1999999999999313,3.1999999999999313,3.1999999999999313,2.1999999999999886,2.1999999999999886,0.20000000000010232,0.20000000000010232,2.400000000000091,6.400000000000147,7.800000000000011,7.599999999999908,8.599999999999852,6.399999999999863,4.799999999999898,3.400000000000034,5.999999999999943,5.0,8.200000000000216,5.800000000000124,5.800000000000124,3.200000000000216,3.200000000000216,0.0,0.19999999999981807,0.19999999999981807,0.19999999999981807,0.19999999999981807,0.19999999999981807,0.0,0.20000000000010232,0.20000000000010232,0.20000000000010232,0.20000000000010232,0.20000000000010232,0.0,0.0,0.0,0.0,0.0,0.0,0.0,0.0,0.0,0.0,0.0,0.20000000000010232,0.20000000000010232,0.20000000000010232,0.20000000000010232,0.20000000000010232,0.0,0.19999999999981807,0.19999999999981807,0.19999999999981807,0.1998001998000181,0.19999999999981807,0.0,0.0,0.0,0.0,0.0,0.0,0.0,0.0,0.0,0.0,0.0,0.0,0.0,0.0,0.0,0.0,0.0,0.0,0.0,0.0,0.39999999999992036,0.39999999999992036,0.39999999999992036,0.39999999999992036,0.39999999999992036,0.0,0.0,0.0,0.0,0.0,0.0,0.0,0.20000000000010232,0.20000000000010232,0.20000000000010232,0.20000000000010232,0.20000000000010232,0.0,0.0,0.0,0.20000000000010232,0.20000000000010232,0.20000000000010232,0.20000000000010232,0.20000000000010232,0.0,0.0,0.0,0.0,0.0,0.0,0.0,0.0,0.0,0.0,0.0,0.0,0.19999999999981807,0.19999999999981807,0.19999999999981807,0.19999999999981807,0.19999999999981807,0.20000000000010232,0.20000000000010232,0.20000000000010232,0.20000000000010232,0.20000000000010232,0.0,0.0,0.0,0.0,0.0,0.0,0.0,0.0,0.0,0.0,0.0,0.0,0.0,0.0,0.0,0.0,0.0,0.20000000000010232,0.20000000000010232,0.20000000000010232,0.20000000000010232,0.20000000000010232,0.0,0.0,0.0,0.19999999999981807,0.19999999999981807,0.19999999999981807,0.19999999999981807,0.19999999999981807,0.0,0.0,0.0,0.0,0.0,0.0,0.0,0.0,0.0,0.0,0.20000000000010232,0.20000000000010232,0.20000000000010232,0.20000000000010232,0.20000000000010232,0.0,0.0,0.0,0.0,0.0,0.0,0.0,0.20000000000010232,0.20000000000010232,0.20000000000010232,0.20000000000010232,0.20000000000010232,0.0,0.0,0.0,0.0,0.0,0.0,4.599999999999795,4.599999999999795,4.799999999999898,4.799999999999898,4.799999999999898,0.20000000000010232,0.20000000000010232,0.0,0.0,0.0,0.0,0.0,0.0,0.0,0.20000000000010232,0.20000000000010232,0.20000000000010232,0.20000000000010232,0.20000000000010232,0.19999999999981807,0.19999999999981807,0.19999999999981807,0.19999999999981807,0.19999999999981807,0.0,0.0,0.0
13,0.0,0.0,0.0,0.0,0.39999999999992036,0.39999999999992036,7.199999999999989,8.199999999999932,8.199999999999932,7.800000000000011,7.800000000000011,0.9999999999999432,0.20000000000010232,0.20000000000010232,2.0000000000001705,4.800000000000182,4.800000000000182,10.800000000000125,11.599999999999966,9.794123525884366,6.999999999999885,9.60000000000008,4.399999999999977,3.6000000000001364,4.802881729037605,5.0,2.3999999999998063,1.3999999999998636,1.3999999999998636,0.39999999999992036,0.20000000000010232,0.20000000000010232,0.20000000000010232,0.20000000000010232,0.19999999999981807,0.19999999999981807,0.19999999999981807,0.19999999999981807,0.19999999999981807,0.0,0.0,0.0,0.0,0.0,0.20000000000010232,0.20000000000010232,0.20000000000010232,0.20000000000010232,0.20000000000010232,0.0,0.0,0.20000000000010232,0.20000000000010232,0.20000000000010232,0.20000000000010232,0.20000000000010232,0.0,0.19999999999981807,0.19999999999981807,0.19999999999981807,0.19999999999981807,0.19999999999981807,0.0,0.0,0.0,0.0,0.0,0.0,0.0,0.0,0.0,0.0,0.0,0.0,0.0,0.20000000000010232,0.20000000000010232,0.20000000000010232,0.20000000000010232,0.20000000000010232,0.0,0.0,0.0,0.0,0.0,0.20000000000010232,0.20000000000010232,0.39999999999992036,0.39999999999992036,0.39999999999992036,0.19999999999981807,0.19999999999981807,0.0,0.0,0.0,0.20000000000010232,0.20000000000010232,0.20000000000010232,0.20000000000010232,0.20000000000010232,0.0,0.0,0.0,0.0,0.0,0.0,0.0,0.0,0.0,0.0,0.0,0.0,0.0,0.0,0.0,0.20000000000010232,0.20000000000010232,0.20000000000010232,0.20000000000010232,0.20000000000010232,0.0,0.0,0.19999999999981807,0.19999999999981807,0.19999999999981807,0.19999999999981807,0.19999999999981807,0.0,0.0,0.20000000000010232,0.20000000000010232,0.20000000000010232,0.20000000000010232,0.20000000000010232,0.0,0.0,0.0,0.0,0.0,0.20000000000010232,0.20000000000010232,0.20000000000010232,0.20000000000010232,0.20000000000010232,0.0,0.0,0.0,0.0,0.0,0.0,0.0,0.0,0.0,0.0,0.0,0.0,0.0,0.0,0.0,0.0,0.0,0.0,0.0,0.0,0.0,0.0,0.0,0.0,0.0,0.0,0.0,0.19999999999981807,0.19999999999981807,0.19999999999981807,0.19999999999981807,0.19999999999981807,0.0,0.20000000000010232,0.20000000000010232,0.20000000000010232,0.20000000000010232,0.20000000000010232,0.0,0.0,0.0,0.0,0.0,0.0,0.0,0.0,0.0,0.0,0.0,1.2000000000000455,1.2000000000000455,1.2000000000000455,1.2000000000000455,1.2000000000000455,0.0,0.0,0.0,0.0,0.0,0.0,0.0,0.19999999999981807,0.19999999999981807,0.19999999999981807,0.19999999999981807,0.39999999999992036,0.20000000000010232,0.20000000000010232,0.20000000000010232,0.20000000000010232,0.0,0.20000000000010232,0.20000000000010232,0.20000000000010232,0.20000000000010232,0.20000000000010232
14,0.19999999999981807,0.19999999999981807,0.19999999999981807,0.19999999999981807,0.19999999999981807,0.39999999999992036,1.2000000000000455,2.0000000000001705,2.0000000000001705,2.0000000000001705,1.6000000000002501,0.8000000000001251,0.0,0.0,10.0,10.0,16.19999999999976,16.19999999999976,33.39999999999975,24.399999999999977,24.399999999999977,19.60000000000008,19.60000000000008,6.2000000000000455,6.2000000000000455,6.2000000000000455,4.800000000000182,5.0,1.2000000000000455,0.19999999999981807,0.19999999999981807,0.19999999999981807,0.0,0.0,0.0,0.0,0.0,0.0,0.0,0.0,0.0,0.0,0.0,0.0,0.0,0.0,0.0,0.0,0.0,0.0,0.0,0.0,0.0,0.20000000000010232,0.20000000000010232,0.20000000000010232,0.20000000000010232,0.20000000000010232,0.0,0.19999999999981807,0.19999999999981807,0.19999999999981807,0.19999999999981807,0.19999999999981807,0.0,0.0,0.0,0.0,0.0,0.0,0.0,0.0,0.0,0.0,0.0,0.0,0.0,0.0,0.0,0.0,0.0,0.0,0.0,0.0,0.0,0.0,0.0,0.20000000000010232,0.20000000000010232,0.20000000000010232,0.20000000000010232,0.20000000000010232,0.0,0.0,0.0,0.0,0.0,0.0,0.0,0.0,0.0,0.0,0.20000000000010232,0.20000000000010232,0.39999999999992036,0.39999999999992036,0.39999999999992036,0.39999999999992036,0.39999999999992036,0.20000000000010232,0.20000000000010232,0.20000000000010232,0.0,0.0,0.0,0.0,0.0,0.20000000000010232,0.20000000000010232,0.20000000000010232,0.20000000000010232,0.20000000000010232,0.0,0.0,0.0,0.0,0.0,0.0,0.0,0.19999999999981807,0.19999999999981807,0.19999999999981807,0.19999999999981807,0.19999999999981807,0.0,0.0,0.0,0.0,0.0,0.0,0.0,0.20000000000010232,0.20000000000010232,0.20000000000010232,0.20000000000010232,0.20000000000010232,0.0,0.0,0.0,0.0,0.0,0.0,0.0,0.0,0.0,0.0,0.0,0.0,0.0,0.0,0.0,0.0,0.20000000000010232,0.20000000000010232,0.20000000000010232,0.20000000000010232,0.20000000000010232,0.0,0.0,0.0,0.0,0.0,0.0,0.0,0.0,0.0,0.0,0.19999999999981807,0.19999999999981807,0.19999999999981807,0.19999999999981807,0.19999999999981807,0.0,0.0,0.0,0.0,0.0,0.0,0.0,0.0,0.0,0.0,0.0,0.0,5.0,5.0,5.0,5.0,5.0,0.0,0.0,0.0,0.0,0.0,0.0,0.0,0.0,0.0,0.0,0.0,0.0,0.0,0.0,0.0,0.0,0.0,0.0,0.0,0.0,0.20000000000010232
15,0.20000000000010232,0.20000000000010232,0.20000000000010232,0.20000000000010232,0.19999999999981807,1.3999999999998636,1.3999999999998636,4.199999999999875,4.199999999999875,4.000000000000057,2.8000000000000114,3.0000000000001137,0.20000000000010232,0.20000000000010232,0.20000000000010232,4.000000000000057,3.799999999999954,6.2000000000000455,6.800000000000068,6.800000000000068,8.799999999999955,8.799999999999955,15.600000000000023,15.0,15.799999999999839,10.0,10.800000000000125,1.5999999999999657,1.5999999999999657,0.9999999999999432,0.9999999999999432,0.39999999999992036,0.39999999999992036,0.39999999999992036,0.20000000000010232,0.20000000000010232,0.0,0.20000000000010232,0.20000000000010232,0.39999999999992036,0.39999999999992036,0.39999999999992036,0.19999999999981807,0.19999999999981807,0.0,0.0,0.0,0.0,0.0,0.0,0.0,0.0,0.0,0.0,0.0,0.0,0.0,0.0,0.0,0.0,0.0,0.20000000000010232,0.20000000000010232,0.19972039145206938,0.20000000000010232,0.20000000000010232,0.0,0.0,0.0,0.0,0.20000000000010232,0.20000000000010232,0.20000000000010232,0.20000000000010232,0.20000000000010232,0.19999999999981807,0.19999999999981807,0.19999999999981807,0.19999999999981807,0.19999999999981807,0.0,0.0,0.0,0.0,0.20000000000010232,0.20000000000010232,0.20000000000010232,0.20000000000010232,0.20000000000010232,0.0,0.20000000000010232,0.20000000000010232,0.20000000000010232,0.20000000000010232,0.20000000000010232,0.0,0.0,0.0,0.0,0.0,0.0,0.0,0.0,0.0,0.0,0.0,0.0,0.0,0.0,0.0,0.0,0.0,0.0,0.0,0.0,0.0,0.0,0.0,0.0,0.0,0.0,0.0,0.19999999999981807,0.1998800719566441,0.19999999999981807,0.19999999999981807,0.5999999999997385,0.39999999999992036,0.4002401440863722,0.39999999999992036,0.39999999999992036,0.40000000000020464,0.40000000000020464,0.40000000000020464,0.40000000000020464,0.40000000000020464,0.19999999999981807,0.39999999999992036,0.39999999999992036,0.39999999999992036,0.39999999999992036,0.20000000000010232,0.0,0.0,0.0,0.20000000000010232,0.20000000000010232,0.20000000000010232,0.20000000000010232,0.20000000000010232,0.0,0.0,0.0,0.0,0.0,0.19999999999981807,0.19999999999981807,0.19999999999981807,0.19999999999981807,0.19999999999981807,0.0,0.0,0.20000000000010232,0.20000000000010232,0.20000000000010232,0.20000000000010232,0.20000000000010232,0.0,0.0,0.0,0.0,0.0,0.0,0.0,0.39999999999992036,0.39999999999992036,0.6000000000000227,0.6000000000000227,0.8000000000001251,0.40000000000020464,0.40000000000020464,0.20000000000010232,0.39999999999992036,0.19999999999981807,0.19999999999981807,0.19999999999981807,0.19999999999981807,0.0,0.20000000000010232,0.20000000000010232,0.39999999999992036,0.39999999999992036,0.39999999999992036,0.9999999999999432,1.2000000000000455,1.0000000000002274,1.0000000000002274,1.0000000000002274,0.20000000000010232,0.0,0.0,0.0,0.0,0.0,0.0,0.19999999999981807,0.19999999999981807,0.19999999999981807,0.19999999999981807,0.19999999999981807,0.0,0.0,0.0,0.20000000000010232,0.20000000000010232,0.20000000000010232,0.20000000000010232,0.20000000000010232,0.0,0.0
16,0.20000000000010232,0.20000000000010232,0.20000000000010232,0.20000000000010232,0.20000000000010232,0.0,1.1999999999997613,1.1999999999997613,1.5999999999999657,1.5999999999999657,1.5999999999999657,0.40000000000020464,0.40000000000020464,0.19999999999981807,0.19999999999981807,7.800000000000011,7.800000000000011,9.399999999999977,9.200000000000157,9.80000000000018,2.999999999999829,2.999999999999829,1.3999999999998636,2.999999999999829,3.1999999999999313,2.400000000000091,4.000000000000057,4.000000000000057,2.400000000000091,1.5999999999999657,1.5999999999999657,0.0,0.0,0.0,0.0,0.20000000000010232,0.20000000000010232,0.39999999999992036,0.39999999999992036,0.39999999999992036,0.19999999999981807,0.19999999999981807,0.0,0.0,0.0,0.0,0.40000000000020464,0.40000000000020464,0.40000000000020464,0.40000000000020464,0.40000000000020464,0.19999999999981807,0.19999999999981807,0.19999999999981807,0.19999999999981807,0.39999999999992036,0.20000000000010232,0.20000000000010232,0.20000000000010232,0.20000000000010232,0.0,0.0,0.0,0.0,0.20000000000010232,0.39999999999992036,0.39999999999992036,0.39999999999992036,0.39999999999992036,0.19999999999981807,0.0,0.0,0.20000000000010232,0.20000000000010232,0.20000000000010232,0.20000000000010232,0.20000000000010232,0.0,0.0,0.0,0.19999999999981807,0.19999999999981807,0.19999999999981807,0.19999999999981807,0.19999999999981807,0.0,0.0,0.0,0.0,0.0,0.20000000000010232,0.20000000000010232,0.20000000000010232,0.20000000000010232,0.20000000000010232,0.20000000000010232,0.20000000000010232,0.20000000000010232,0.20000000000010232,0.20000000000010232,0.0,0.0,0.0,0.19999999999981807,0.19999999999981807,0.19999999999981807,0.19999999999981807,0.19999999999981807,0.0,0.0,0.0,0.0,0.0,0.0,0.0,0.0,0.0,0.0,0.0,0.0,0.20000000000010232,0.20000000000010232,0.20000000000010232,0.20000000000010232,0.20000000000010232,0.0,0.0,0.0,0.0,0.0,0.0,0.0,0.0,0.0,0.0,0.0,0.20000000000010232,0.20000000000010232,0.20000000000010232,0.20000000000010232,0.20000000000010232,0.0,0.0,0.0,0.0,0.0,0.0,0.0,0.0,0.19999999999981807,0.19999999999981807,0.19999999999981807,0.19999999999981807,0.19999999999981807,0.0,0.20000000000010232,0.20000000000010232,0.40000000000020464,0.40000000000020464,0.40000000000020464,0.20000000000010232,0.20000000000010232,0.0,0.19999999999981807,0.19999999999981807,0.19999999999981807,0.19999999999981807,0.19999999999981807,0.0,0.0,0.0,0.20000000000010232,0.20000000000010232,0.20000000000010232,0.39999999999992036,0.39999999999992036,0.19999999999981807,0.19999999999981807,0.19999999999981807,0.0,0.0,0.20000000000010232,0.20000000000010232,0.20000000000010232,0.20000000000010232,0.20000000000010232,0.0,0.0,0.0,0.0,0.0,0.0,0.0,0.0,1.2000000000000455,1.2000000000000455,1.2000000000000455,1.2000000000000455,1.2000000000000455,0.0,0.20000000000010232,0.20000000000010232,0.20000000000010232,0.20000000000010232,0.20000000000010232,0.0,0.0,0.0,0.0,0.19999999999981807,0.19999999999981807,0.19999999999981807,0.19999999999981807,0.19999999999981807,0.40000000000020464,0.40000000000020464,0.40000000000020464,0.40000000000020464,0.40000000000020464,0.0
17,0.0,0.19999999999981807,0.19999999999981807,0.19999999999981807,0.7999999999998407,2.799999999999727,2.599999999999909,2.599999999999909,3.1999999999999313,2.599999999999909,0.6000000000000227,0.6000000000000227,0.8000000000001251,0.20000000000010232,5.0,5.0,7.00000000000017,8.400000000000034,8.400000000000034,4.800000000000182,5.200000000000101,3.1999999999999313,1.5999999999999657,4.199999999999875,3.1999999999999313,2.8000000000000114,6.800000000000068,8.600000000000135,6.000000000000227,5.800000000000124,5.800000000000124,1.9999999999998863,0.19999999999981807,0.19999999999981807,0.19999999999981807,0.19999999999981807,0.0,0.0,0.0,0.20000000000010232,0.20000000000010232,0.20000000000010232,0.20000000000010232,0.39999999999992036,0.19999999999981807,0.19999999999981807,0.19999999999981807,0.19999999999981807,0.20000000000010232,0.20000000000010232,0.20000000000010232,0.40000000000020464,0.40000000000020464,0.20000000000010232,0.20000000000010232,0.20000000000010232,0.0,0.0,0.0,0.0,0.0,0.0,0.0,0.19999999999981807,0.19999999999981807,0.39999999999992036,0.39999999999992036,0.39999999999992036,0.20000000000010232,0.20000000000010232,0.0,0.0,0.0,0.0,0.20000000000010232,0.20000000000010232,0.20000000000010232,0.20000000000010232,0.20000000000010232,0.0,0.0,0.19999999999981807,0.19999999999981807,0.19999999999981807,0.19999999999981807,0.39999999999992036,0.20000000000010232,0.20000000000010232,0.20000000000010232,0.20000000000010232,0.0,0.20000000000010232,0.20000000000010232,0.20000000000010232,0.20000000000010232,0.20000000000010232,0.6000000000000227,0.6000000000000227,0.6000000000000227,0.6000000000000227,0.6000000000000227,0.0,0.0,0.0,0.19999999999981807,0.19999999999981807,0.19999999999981807,0.19999999999981807,0.19999999999981807,0.0,0.0,0.0,0.0,0.0,0.0,0.0,0.0,0.0,0.20000000000010232,0.20000000000010232,0.20000000000010232,0.20000000000010232,0.20000000000010232,0.0,0.0,0.19999999999981807,0.19999999999981807,0.19999999999981807,0.19999999999981807,0.39999999999992036,0.20000000000010232,0.20000000000010232,0.20000000000010232,0.20000000000010232,0.20000000000010232,0.20000000000010232,0.20000000000010232,0.20000000000010232,0.20000000000010232,0.0,0.0,0.0,0.19999999999981807,0.19999999999981807,0.19999999999981807,0.19999999999981807,0.19999999999981807,0.0,0.0,0.0,0.20000000000010232,0.20000000000010232,0.20000000000010232,0.20000000000010232,0.20000000000010232,0.0,0.0,0.0,0.0,0.0,0.0,0.20000000000010232,0.20000000000010232,0.20000000000010232,0.20000000000010232,0.20000000000010232,0.0,0.0,0.0,0.0,0.0,0.0,0.0,0.19999999999981807,0.19999999999981807,0.19999999999981807,0.19999999999981807,0.19999999999981807,0.0,0.0,0.0,0.0,0.0,0.0,0.0,0.0,0.20000000000010232,0.20000000000010232,0.20000000000010232,0.40000000000020464,0.40000000000020464,0.20000000000010232,0.20000000000010232,0.20000000000010232,5.999999999999943,5.999999999999943,5.999999999999943,5.999999999999943,5.999999999999943,0.0,0.0,1.2000000000000455,1.2000000000000455,1.2000000000000455,1.2000000000000455,1.2000000000000455,0.0,0.0,0.0,0.0,0.0,0.0,0.0,0.19999999999981807,0.19999999999981807,0.19999999999981807,0.19999999999981807,0.19999999999981807,0.0,0.0
18,0.0,0.0,0.0,0.0,0.20000000000010232,1.5999999999999657,1.5999999999999657,5.200000000000101,5.200000000000101,5.0,3.6000000000001364,3.6000000000001364,0.20000000000010232,1.9999999999998863,1.9999999999998863,4.799999999999898,5.200000000000101,6.799999999999784,5.0,18.000000000000114,16.599999999999966,16.19999999999976,14.399999999999977,15.999999999999941,6.599999999999966,5.200000000000101,6.400000000000147,6.400000000000147,7.00000000000017,3.400000000000034,5.39999999999992,4.199999999999875,4.199999999999875,1.9999999999998863,1.9999999999998863,0.0,0.0,0.0,0.0,0.0,0.0,0.0,0.0,0.20000000000010232,0.20000000000010232,0.20000000000010232,0.20000000000010232,0.20000000000010232,0.0,0.0,0.0,0.20000000000010232,0.39999999999992036,0.39999999999992036,0.39999999999992036,0.39999999999992036,0.19999999999981807,0.0,0.0,0.0,0.0,0.0,0.0,0.0,0.0,0.0,0.0,0.0,0.0,0.0,0.0,0.0,0.0,0.0,0.0,0.0,0.0,0.0,0.0,0.20000000000010232,0.20000000000010232,0.20000000000010232,0.20000000000010232,0.20000000000010232,0.0,0.0,0.0,0.0,0.19999999999981807,0.19999999999981807,0.19999999999981807,0.39999999999992036,0.39999999999992036,0.20000000000010232,0.20000000000010232,0.20000000000010232,0.20000000000010232,0.20000000000010232,0.20000000000010232,0.20000000000010232,0.20000000000010232,0.0,0.0,0.0,0.0,0.0,0.0,0.19999999999981807,0.19999999999981807,0.19999999999981807,0.19999999999981807,0.19999999999981807,0.20000000000010232,0.20000000000010232,0.20000000000010232,0.20000000000010232,0.20000000000010232,0.0,0.0,0.0,0.0,0.0,0.0,0.0,0.0,1.9999999999998863,1.9999999999998863,1.9999999999998863,1.9999999999998863,1.9999999999998863,0.0,0.0,0.0,0.0,0.0,0.0,0.20000000000010232,0.20000000000010232,0.40000000000020464,0.6000000000000227,0.6000000000000227,0.39999999999992036,0.39999999999992036,0.19999999999981807,0.0,0.0,0.0,0.0,0.0,0.0,0.0,0.0,0.0,0.0,0.0,0.0,0.20000000000010232,0.20000000000010232,0.20000000000010232,0.20000000000010232,0.20000000000010232,0.0,0.20000000000010232,0.20000000000010232,0.20000000000010232,0.39999999999992036,0.39999999999992036,0.19999999999981807,0.19999999999981807,0.19999999999981807,0.0,0.0,0.0,0.0,0.0,0.20000000000010232,0.20000000000010232,0.20000000000010232,0.20000000000010232,0.20000000000010232,0.0,0.0,0.0,0.0,0.20000000000010232,0.20000000000010232,0.20000000000010232,0.20000000000010232,0.20000000000010232,0.0,0.0,0.0,0.0,0.0,4.199999999999875,4.399999999999977,4.399999999999977,4.399999999999977,4.399999999999977,0.20000000000010232,0.0,0.0,0.0,0.0,0.0,0.0,0.0,0.0,0.0,0.0,0.19999999999981807,0.19999999999981807,0.19999999999981807,0.19999999999981807,0.19999999999981807,0.0,0.0,0.0,0.0,0.0
19,0.20000000000010232,0.20000000000010232,0.20000000000010232,0.20000000000010232,0.6000000000000227,0.7999999999998407,0.7999999999998407,0.7999999999998407,0.7999999999998407,1.5999999999999657,1.4000000000001476,1.4000000000001476,1.4000000000001476,1.4000000000001476,0.20000000000010232,1.8000000000000682,3.799999999999954,3.799999999999954,5.800000000000124,5.800000000000124,4.000000000000057,3.0000000000001137,5.0,2.999999999999829,2.999999999999829,5.199999999999818,6.399999999999863,4.399999999999977,5.600000000000023,5.800000000000124,3.6000000000001364,1.4000000000001476,1.4000000000001476,0.20000000000010232,0.19999999999981807,0.39999999999992036,0.39999999999992036,0.39999999999992036,0.39999999999992036,0.20000000000010232,0.0,0.0,0.0,0.0,0.0,0.0,0.0,0.0,0.20000000000010232,0.20000000000010232,0.20000000000010232,0.20000000000010232,0.20000000000010232,0.0,0.0,0.0,0.0,0.0,0.0,0.0,0.19999999999981807,0.19999999999981807,0.19999999999981807,0.19999999999981807,0.19999999999981807,0.0,0.0,0.0,0.0,0.0,0.0,0.0,0.0,0.0,0.0,0.20000000000010232,0.20056157240283026,0.20000000000010232,0.20000000000010232,0.20000000000010232,0.0,0.0,0.0,0.20000000000010232,0.20000000000010232,0.20000000000010232,0.20000000000010232,0.39999999999992036,0.19999999999981807,0.19999999999981807,0.19999999999981807,0.39999999999992036,0.20000000000010232,0.20000000000010232,0.20000000000010232,0.20000000000010232,0.0,0.0,0.0,0.0,0.0,0.0,0.0,0.0,0.0,0.0,0.0,0.0,0.0,0.0,0.0,0.0,0.0,0.19999999999981807,0.19999999999981807,0.19999999999981807,0.19999999999981807,0.19999999999981807,0.0,0.0,0.0,0.20000000000010232,0.20000000000010232,0.20000000000010232,0.20000000000010232,0.40000000000020464,0.20000000000010232,0.20000000000010232,0.20000000000010232,0.39999999999992036,0.19999999999981807,0.19999999999981807,0.19999999999981807,0.19999999999981807,0.0,0.0,0.20000000000010232,0.20000000000010232,0.20000000000010232,0.20000000000010232,0.20000000000010232,0.0,0.0,0.0,0.0,0.0,0.20000000000010232,0.20000000000010232,0.20000000000010232,0.20000000000010232,0.20000000000010232,0.0,0.0,0.0,0.0,0.0,0.0,0.0,0.0,0.0,0.0,0.0,0.0,0.0,0.0,0.0,0.0,0.0,0.19999999999981807,0.19999999999981807,0.19999999999981807,0.19999999999981807,0.19999999999981807,0.0,0.0,0.0,0.0,0.0,0.0,0.0,0.0,0.0,0.0,0.0,0.0,0.20000000000010232,0.20000000000010232,0.20000000000010232,0.20000000000010232,0.20000000000010232,0.0,0.0,0.0,0.0,2.400000000000091,2.400000000000091,2.599999999999909,2.599999999999909,2.599999999999909,0.39999999999992036,0.39999999999992036,0.20000000000010232,0.20000000000010232,0.20000000000010232,0.0,0.0,0.0,0.0,0.20000000000010232,0.20000000000010232,0.20000000000010232,0.20000000000010232,0.20000000000010232,0.0,0.19999999999981807,0.19999999999981807,0.19999999999981807,0.19999999999981807,0.19999999999981807,0.0
20,0.0,0.0,0.0,0.0,0.20000000000010232,0.20000000000010232,2.0000000000001705,2.0000000000001705,4.200000000000159,4.000000000000057,4.000000000000057,2.3999999999998063,2.3999999999998063,0.19999999999981807,0.19999999999981807,2.1999999999999886,2.0000000000001705,4.399999999999977,4.399999999999977,4.399999999999977,2.3999999999998063,5.999999999999943,3.6000000000001364,3.6000000000001364,4.600000000000079,4.600000000000079,4.600000000000079,6.599999999999966,6.599999999999966,5.600000000000023,7.400000000000091,3.799999999999954,1.8000000000000682,1.8000000000000682,1.8000000000000682,0.0,0.0,0.19999999999981807,0.19999999999981807,0.19999999999981807,0.19999999999981807,0.19999999999981807,0.0,0.0,0.0,0.0,0.0,0.0,0.0,0.20000000000010232,0.20000000000010232,0.20000000000010232,0.20000000000010232,0.20000000000010232,0.0,0.0,0.0,0.0,0.0,0.0,0.39999999999992036,0.39999999999992036,0.39999999999992036,0.39999999999992036,0.39999999999992036,0.0,0.0,0.0,0.0,0.0,0.0,0.0,0.0,0.20000000000010232,0.20000000000010232,0.20000000000010232,0.20000000000010232,0.20000000000010232,0.0,0.0,0.0,0.0,0.20000000000010232,0.20000000000010232,0.20000000000010232,0.20000000000010232,0.20000000000010232,0.0,0.0,0.0,0.19999999999981807,0.19999999999981807,0.19999999999981807,0.20040080160302412,0.19999999999981807,0.0,0.0,0.20000000000010232,0.20000000000010232,0.20000000000010232,0.20000000000010232,0.20000000000010232,0.0,0.0,0.0,0.0,0.0,0.0,0.0,0.0,0.0,0.19999999999981807,0.19999999999981807,0.19999999999981807,0.19999999999981807,0.19999999999981807,0.0,0.0,0.0,0.0,0.20000000000010232,0.20000000000010232,0.20000000000010232,0.20000000000010232,0.20000000000010232,0.0,0.0,0.20000000000010232,0.20000000000010232,0.20000000000010232,0.20000000000010232,0.20000000000010232,0.0,0.0,0.0,0.19999999999981807,0.19999999999981807,0.19999999999981807,0.19999999999981807,0.19999999999981807,0.0,0.0,0.0,0.0,0.0,0.0,0.0,0.20000000000010232,0.20000000000010232,0.20000000000010232,0.40000000000020464,0.40000000000020464,0.20000000000010232,0.20000000000010232,0.20000000000010232,0.0,0.0,0.0,0.19999999999981807,0.19999999999981807,0.19999999999981807,0.39999999999992036,0.39999999999992036,0.20000000000010232,0.20000000000010232,0.20000000000010232,0.0,0.0,0.0,0.0,0.0,0.0,0.0,0.0,0.0,0.0,0.0,0.0,0.39999999999992036,0.39999999999992036,0.39999999999992036,0.39999999999992036,0.39999999999992036,0.0,0.0,0.20000000000010232,0.20000000000010232,0.20000000000010232,0.19968051118221075,0.20000000000010232,0.20000000000010232,0.20000000000010232,0.20000000000010232,0.20032051282061528,1.3999999999998636,1.1999999999997613,1.1999999999997613,1.1999999999997613,1.1999999999997613,0.0,0.20000000000010232,0.20000000000010232,0.20000000000010232,0.20000000000010232,0.20000000000010232,0.0,0.0,0.0,0.0,0.0,0.0,0.0,0.0,0.0,0.0,0.0,0.0,0.20000000000010232,0.39999999999992036,0.39999999999992036
21,0.39999999999992036,0.39999999999992036,0.19999999999981807,0.0,0.20000000000010232,11.800000000000068,11.800000000000068,14.20000000000016,15.0,14.799999999999896,3.1999999999999313,3.1999999999999313,0.7999999999998407,0.20000000000010232,0.20000000000010232,4.200000000000159,14.399999999999977,14.399999999999977,17.59999999999991,17.59999999999991,13.59999999999985,4.399999999999977,4.399999999999977,1.8000000000000682,1.8000000000000682,1.8000000000000682,3.8000000000002387,3.8000000000002387,3.6000000000001364,3.6000000000001364,4.799999999999898,1.799999999999784,1.9999999999998863,1.3999999999998636,1.3999999999998636,0.20000000000010232,0.20000000000010232,0.0,0.0,0.0,0.0,0.20000000000010232,0.20000000000010232,0.20000000000010232,0.20000000000010232,0.20000000000010232,0.0,0.0,0.0,0.0,0.0,0.0,0.0,0.0,0.0,0.19999999999981807,0.19999999999981807,0.19999999999981807,0.19999999999981807,0.19999999999981807,0.0,0.0,0.0,0.0,0.0,0.0,0.20000000000010232,0.20000000000010232,0.20000000000010232,0.20000000000010232,0.20000000000010232,0.0,0.0,0.0,0.0,0.0,0.0,0.0,0.20000000000010232,0.20000000000010232,0.20000000000010232,0.20000000000010232,0.20000000000010232,0.0,0.0,0.0,0.0,0.19999999999981807,0.19999999999981807,0.19999999999981807,0.19999999999981807,0.19999999999981807,0.0,0.0,0.0,0.0,0.20000000000010232,0.20000000000010232,0.20000000000010232,0.20000000000010232,0.20000000000010232,0.0,0.0,0.0,0.0,0.0,0.0,0.0,0.19999999999981807,0.19999999999981807,0.19999999999981807,0.19999999999981807,0.19999999999981807,0.0,0.0,0.0,0.0,0.20000000000010232,0.20000000000010232,0.20000000000010232,0.20000000000010232,0.20000000000010232,0.0,0.0,0.0,0.20000000000010232,0.20000000000010232,0.20000000000010232,0.20000000000010232,0.20000000000010232,0.0,0.0,0.0,0.0,0.19999999999981807,0.19999999999981807,0.19999999999981807,0.19999999999981807,0.19999999999981807,0.0,0.0,0.0,0.0,0.0,0.20000000000010232,0.20000000000010232,0.20000000000010232,0.40000000000020464,0.40000000000020464,0.20000000000010232,0.20000000000010232,0.20000000000010232,0.0,0.0,0.0,0.0,0.0,0.0,0.19999999999981807,0.19999999999981807,0.19999999999981807,0.19999999999981807,0.19999999999981807,0.0,0.0,0.0,0.0,0.0,0.0,0.20000000000010232,0.20000000000010232,0.19988007195692817,0.20000000000010232,0.20000000000010232,0.0,0.20000000000010232,0.20012007204332832,0.20000000000010232,0.20000000000010232,0.20000000000010232,0.0,0.0,0.0,0.19999999999981807,0.19999999999981807,0.19999999999981807,0.19999999999981807,0.19999999999981807,0.0,0.0,0.0,0.0,0.20000000000010232,0.20000000000010232,0.20000000000010232,1.2000000000000455,1.2000000000000455,0.9999999999999432,0.9999999999999432,0.9999999999999432,0.20000000000010232,0.20000000000010232,0.20000000000010232,0.20000000000010232,0.20000000000010232,0.0,0.0,0.0,0.0,0.19999999999981807,0.19999999999981807,0.19999999999981807,0.19999999999981807,0.19999999999981807,0.0,0.0,0.0,0.0,0.0,0.0
22,0.0,0.0,0.0,0.0,0.0,0.40000000000020464,1.5999999999999657,1.5999999999999657,3.0000000000001137,3.0000000000001137,2.8000000000000114,1.6000000000002501,1.6000000000002501,0.39999999999992036,0.39999999999992036,2.1999999999999886,2.1999999999999886,4.399999999999977,8.000000000000114,8.000000000000114,6.799999999999784,6.799999999999784,4.599999999999795,0.7999999999998407,2.400000000000091,1.6000000000002501,4.200000000000159,4.200000000000159,4.600000000000079,2.999999999999829,4.799999999999898,2.1999999999999886,2.1999999999999886,1.8000000000000682,1.8000000000000682,0.0,0.0,0.0,0.0,0.0,0.0,0.0,0.0,0.0,0.0,0.39999999999992036,0.39999999999992036,0.39999999999992036,0.39999999999992036,0.6000000000000227,0.20000000000010232,0.20000000000010232,0.20000000000010232,0.39999999999992036,0.19999999999981807,0.19999999999981807,0.19999999999981807,0.19999999999981807,0.0,0.0,0.0,0.0,0.0,0.0,0.0,0.20000000000010232,0.20000000000010232,0.20000000000010232,0.20000000000010232,0.20000000000010232,0.0,0.0,0.0,0.0,0.0,0.0,0.0,0.0,0.0,0.0,0.20000000000010232,0.20000000000010232,0.20000000000010232,0.20000000000010232,0.39999999999992036,0.19999999999981807,0.19999999999981807,0.19999999999981807,0.19999999999981807,0.0,0.0,0.0,0.0,0.20000000000010232,0.20000000000010232,0.20000000000010232,0.20000000000010232,0.20000000000010232,0.0,0.0,0.20000000000010232,0.20000000000010232,0.20000000000010232,0.20000000000010232,0.39999999999992036,0.19999999999981807,0.19999999999981807,0.19999999999981807,0.19999999999981807,0.0,0.0,0.0,0.0,0.40000000000020464,0.40000000000020464,0.40000000000020464,0.40000000000020464,0.40000000000020464,0.0,0.19999999999981807,0.19999999999981807,0.19999999999981807,0.19999999999981807,0.19999999999981807,0.0,0.0,0.20000000000010232,0.20000000000010232,0.20000000000010232,0.20000000000010232,0.20000000000010232,0.0,0.0,0.0,0.0,0.0,0.0,0.0,0.0,0.19999999999981807,0.19999999999981807,0.19999999999981807,0.19999999999981807,0.19999999999981807,0.0,0.0,0.0,0.0,0.0,0.20000000000010232,0.20000000000010232,0.20000000000010232,0.20000000000010232,0.20000000000010232,0.0,0.39999999999992036,0.39999999999992036,0.39999999999992036,0.39999999999992036,0.39999999999992036,0.0,0.0,0.0,0.0,0.0,0.0,0.0,0.0,0.0,0.0,0.20000000000010232,0.20000000000010232,0.20000000000010232,0.19956096587517694,0.40000000000020464,0.20000000000010232,0.20000000000010232,0.20000000000010232,0.200440970134398,0.0,0.0,0.0,0.0,0.0,0.0,0.19999999999981807,0.19999999999981807,0.19999999999981807,0.19999999999981807,0.19999999999981807,0.0,0.0,0.0,0.0,1.0000000000002274,1.0000000000002274,1.2000000000000455,1.2000000000000455,1.2000000000000455,0.19999999999981807,0.19999999999981807,0.0,0.20000000000010232,0.20000000000010232,0.20000000000010232,0.20000000000010232,0.20000000000010232,0.0,0.0,0.0,0.0,0.0,0.0,0.0,0.0,0.0,0.0,0.0,0.0,0.0
23,0.0,0.19999999999981807,0.19999999999981807,0.19999999999981807,0.39999999999992036,0.6000000000000227,0.6000000000000227,0.6000000000000227,1.6000000000002501,1.4000000000001476,1.2000000000000455,1.2000000000000455,1.2000000000000455,0.19999999999981807,1.3999999999998636,1.3999999999998636,1.2000000000000455,7.00000000000017,7.00000000000017,7.599999999999908,7.599999999999908,10.200000000000102,4.399999999999977,4.399999999999977,3.400000000000034,3.400000000000034,1.2000000000000455,1.2000000000000455,3.1999999999999313,3.400000000000034,3.400000000000034,3.799999999999954,3.799999999999954,1.8000000000000682,0.8000000000001251,0.9999999999999432,0.19999999999981807,0.19999999999981807,0.19999999999981807,0.19999999999981807,0.0,0.0,0.0,0.0,0.20000000000010232,0.20000000000010232,0.20000000000010232,0.20000000000010232,0.20000000000010232,0.0,0.0,0.0,0.0,0.0,0.0,0.20000000000010232,0.20000000000010232,0.20000000000010232,0.39999999999992036,0.39999999999992036,0.19999999999981807,0.19999999999981807,0.19999999999981807,0.0,0.20000000000010232,0.20000000000010232,0.20000000000010232,0.20000000000010232,0.20000000000010232,0.0,0.20000000000010232,0.20000000000010232,0.20000000000010232,0.20000000000010232,0.20000000000010232,0.0,0.0,0.0,0.0,0.0,0.0,0.0,0.0,0.0,0.0,0.0,0.0,0.0,0.0,0.19999999999981807,0.19999999999981807,0.19999999999981807,0.39999999999992036,0.39999999999992036,0.20000000000010232,0.20000000000010232,0.20000000000010232,0.0,0.0,0.0,0.0,0.0,0.0,0.19999999999981807,0.19999999999981807,0.19999999999981807,0.39999999999992036,0.39999999999992036,0.20000000000010232,0.20000000000010232,0.20000000000010232,0.0,0.0,0.0,0.0,0.0,0.0,0.0,0.20000000000010232,0.20000000000010232,0.20000000000010232,0.39999999999992036,0.39999999999992036,0.19999999999981807,0.19999999999981807,0.19999999999981807,0.0,0.0,0.0,0.20000000000010232,0.20000000000010232,0.20000000000010232,0.20000000000010232,0.40000000000020464,0.20000000000010232,0.20000000000010232,0.39999999999992036,0.39999999999992036,0.19999999999981807,0.19999999999981807,0.19999999999981807,0.0,0.0,0.0,0.0,0.0,0.20000000000010232,0.20000000000010232,0.20000000000010232,0.20000000000010232,0.20000000000010232,0.20000000000010232,0.20000000000010232,0.20000000000010232,0.20000000000010232,0.20000000000010232,0.0,0.0,0.0,0.0,0.0,0.0,0.0,0.0,0.0,0.0,0.19999999999981807,1.799999999999784,1.799999999999784,1.799999999999784,1.799999999999784,1.5999999999999657,0.20000000000010232,0.20000000000010232,0.20000000000010232,0.20000000000010232,0.40000000000020464,0.20000000000010232,0.20000000000010232,0.20000000000010232,0.20000000000010232,0.0,0.0,0.0,0.0,0.0,0.0,0.0,0.0,0.0,0.0,0.0,0.0,0.0,0.0,0.0,1.9999999999998863,1.9999999999998863,1.9999999999998863,1.9999999999998863,1.9999999999998863,0.20000000000010232,0.39999999999992036,0.39999999999992036,0.39999999999992036,0.39999999999992036,0.19999999999981807,0.0,0.0,0.0,0.20000000000010232,0.20000000000010232,0.40000000000020464,0.40000000000020464,0.40000000000020464,0.20000000000010232,0.39999999999992036,0.19999999999981807,0.19999999999981807,0.19999999999981807
24,0.19999999999981807,0.0,0.0,0.0,0.0,0.20000000000010232,10.999999999999943,10.999999999999943,11.800000000000068,11.800000000000068,11.800000000000068,1.0000000000002274,1.0000000000002274,0.20000000000010232,0.20000000000010232,2.8000000000000114,2.8000000000000114,2.8000000000000114,4.399999999999977,7.199999999999989,6.199999999999761,17.59999999999991,17.589446332200588,16.399999999999864,13.59999999999985,11.800000000000068,0.39999999999992036,2.601560936561846,3.0000000000001137,3.0000000000001137,3.799999999999954,3.799999999999954,1.5999999999999657,1.2000000000000455,1.2000000000000455,0.40000000000020464,0.40000000000020464,0.40000000000020464,0.0,0.0,0.0,0.0,0.0,0.0,0.0,0.0,0.0,0.0,0.0,0.19999999999981807,0.19999999999981807,0.19999999999981807,0.39999999999992036,0.39999999999992036,0.20000000000010232,0.20000000000010232,0.20000000000010232,0.0,0.0,0.0,0.0,0.0,0.0,0.0,0.0,0.0,0.0,0.0,0.0,0.39999999999992036,0.39999999999992036,0.39999999999992036,0.39999999999992036,0.39999999999992036,0.0,0.0,0.0,0.0,0.0,0.0,0.0,0.0,0.20000000000010232,0.20000000000010232,0.20000000000010232,0.20000000000010232,0.20000000000010232,0.0,0.19999999999981807,0.1998401278975001,0.19999999999981807,0.19999999999981807,0.19999999999981807,0.0,0.0,0.0,0.0,0.0,0.0,0.0,0.20000000000010232,0.20000000000010232,0.20000000000010232,0.20000000000010232,0.40000000000020464,0.8000000000001251,0.8000000000001251,0.8000000000001251,0.8000000000001251,0.6000000000000227,0.0,0.0,0.19999999999981807,0.19999999999981807,0.19999999999981807,0.19999999999981807,0.19999999999981807,0.0,0.0,0.0,0.0,0.0,0.0,0.0,0.0,0.0,0.0,0.0,0.20000000000010232,0.20000000000010232,0.20000000000010232,0.20000000000010232,0.20000000000010232,0.0,0.0,0.0,0.0,0.0,0.0,0.0,0.0,0.0,0.0,0.0,0.0,0.0,0.0,0.0,0.0,0.0,0.0,0.0,0.0,0.0,0.0,0.0,0.20000000000010232,0.20000000000010232,0.20000000000010232,0.20000000000010232,0.20000000000010232,0.0,0.0,0.19999999999981807,0.5999999999997385,0.5999999999997385,0.5999999999997385,0.5999999999997385,0.39999999999992036,0.0,0.0,0.0,0.0,0.0,0.0,0.0,0.0,0.20000000000010232,0.20000000000010232,0.20000000000010232,0.40000000000020464,0.40000000000020464,0.39999999999992036,0.39999999999992036,0.39999999999992036,0.19999999999981807,0.39999999999992036,0.20000000000010232,0.19988007195692817,0.20000000000010232,0.20000000000010232,0.0,0.0,0.0,0.0,1.5999999999999657,1.5999999999999657,1.5999999999999657,1.8000000000000682,1.8000000000000682,0.39999999999992036,0.39999999999992036,0.39999999999992036,0.19999999999981807,0.19999999999981807,0.0,0.0,0.0,0.0,0.0,0.0,0.0,0.0,0.0,0.20000000000010232,0.20000000000010232,0.20000000000010232,0.20000000000010232,0.20000000000010232,0.0
25,0.0,0.0,0.20000000000010232,0.20000000000010232,0.20000000000010232,0.39999999999992036,1.9999999999998863,1.799999999999784,1.799999999999784,2.599999999999909,2.400000000000091,0.8000000000001251,0.8000000000001251,0.8000000000001251,0.20000000000010232,2.599999999999909,2.599999999999909,4.799999999999898,7.400000000000091,7.199999999999989,6.400000000000147,6.400000000000147,4.200000000000159,2.1999999999999886,2.1999999999999886,0.6000000000000227,0.6000000000000227,0.9999999999999432,0.39999999999992036,8.199999999999932,8.799999999999955,8.799999999999955,8.400000000000034,9.60000000000008,1.8000000000000682,1.2000000000000455,1.2000000000000455,1.3999999999998636,0.19999999999981807,0.19999999999981807,0.19999999999981807,0.19999999999981807,0.0,0.0,0.0,0.0,0.0,0.0,0.0,0.0,0.0,0.0,0.0,0.20000000000010232,0.20000000000010232,0.20000000000010232,0.20000000000010232,0.20000000000010232,0.0,0.20000000000010232,0.20000000000010232,0.20000000000010232,0.20000000000010232,0.20000000000010232,0.0,0.0,0.0,0.0,0.0,0.0,0.0,0.0,0.0,0.0,0.19999999999981807,0.39999999999992036,0.39999999999992036,0.39999999999992036,0.6000000000000227,0.40000000000020464,0.20000000000010232,0.20000000000010232,0.20000000000010232,0.0,0.0,0.0,0.0,0.0,0.0,0.0,0.0,0.0,0.0,0.0,0.0,0.0,0.0,0.19999999999981807,0.19999999999981807,0.19999999999981807,0.19999999999981807,0.39999999999992036,0.20000000000010232,0.20000000000010232,0.20000000000010232,0.20000000000010232,0.0,0.0,0.20000000000010232,0.20000000000010232,0.20000000000010232,0.20000000000010232,0.20000000000010232,0.19999999999981807,0.19999999999981807,0.19999999999981807,0.19999999999981807,0.19999999999981807,0.0,0.0,0.0,0.20000000000010232,0.20000000000010232,0.20000000000010232,0.20000000000010232,0.20000000000010232,0.0,0.19999999999981807,0.19999999999981807,0.19999999999981807,0.19999999999981807,0.19999999999981807,0.0,0.0,0.0,0.0,0.0,0.0,0.0,0.20000000000010232,0.20000000000010232,0.20000000000010232,0.40000000000020464,0.40000000000020464,0.20000000000010232,0.20000000000010232,0.20000000000010232,0.0,0.0,0.0,0.0,0.19999999999981807,0.19999999999981807,0.19999999999981807,0.19999999999981807,0.39999999999992036,0.20000000000010232,0.20000000000010232,0.20000000000010232,0.20000000000010232,0.0,0.0,0.20000000000010232,0.20000000000010232,0.20000000000010232,0.20000000000010232,0.20000000000010232,0.0,0.0,0.0,0.0,0.0,0.19999999999981807,0.19999999999981807,0.19999999999981807,0.19999999999981807,0.19999999999981807,0.0,0.0,0.20000000000010232,0.20000000000010232,0.20000000000010232,0.40000000000020464,0.40000000000020464,0.20000000000010232,0.39999999999992036,0.39999999999992036,0.39999999999992036,0.39999999999992036,0.39999999999992036,0.20000000000010232,0.20000000000010232,0.0,0.0,8.400000000000034,8.400000000000034,12.800000000000011,12.800000000000011,12.999999999999828,4.599999999999795,4.599999999999795,0.19999999999981807,0.19999999999981807,0.0,0.20000000000010232,0.20000000000010232,0.20000000000010232,0.20000000000010232,0.20000000000010232,0.0,0.0,0.0,0.0,0.0,0.0,0.0,0.0,0.0,0.0,0.0
26,0.0,0.0,0.0,0.0,0.6000000000000227,0.5996402158705004,1.9999999999998863,1.9999999999998863,3.1999999999999313,2.599999999999909,2.8016810086051747,1.4000000000001476,1.4000000000001476,0.20000000000010232,0.40000000000020464,0.20000000000010232,6.999999999999885,6.999999999999885,9.399999999999977,9.199999999999875,15.799999999999839,9.000000000000057,25.600000000000023,23.199999999999932,24.000000000000053,17.40000000000009,17.40000000000009,0.9999999999999432,0.9999999999999432,0.19999999999981807,3.799999999999954,3.799999999999954,4.600000000000079,4.600000000000079,4.600000000000079,4.600000000000079,4.600000000000079,3.6000000000001364,3.799999999999954,3.799999999999954,0.19999999999981807,0.19999999999981807,0.19999999999981807,0.0,0.0,0.0,0.0,0.0,0.0,0.20000000000010232,0.20000000000010232,0.20000000000010232,0.20000000000010232,0.20000000000010232,0.0,0.0,0.0,0.0,0.0,0.0,0.0,0.0,0.0,0.0,0.0,0.0,0.0,0.0,0.0,0.0,0.20000000000010232,0.20000000000010232,0.20000000000010232,0.20000000000010232,0.20000000000010232,0.0,0.19999999999981807,0.19999999999981807,0.19999999999981807,0.19999999999981807,0.19999999999981807,0.0,0.20000000000010232,0.40000000000020464,0.40000000000020464,0.40000000000020464,0.40000000000020464,0.20000000000010232,0.0,0.0,0.0,0.0,0.0,0.0,0.0,0.0,0.39999999999992036,0.39999999999992036,0.39999999999992036,0.39999999999992036,0.39999999999992036,0.0,0.0,0.0,0.0,0.0,0.0,0.0,0.0,0.0,0.0,0.0,0.0,0.19999999999981807,0.19999999999981807,0.19999999999981807,0.19999999999981807,0.39999999999992036,0.20000000000010232,0.20000000000010232,0.20000000000010232,0.20000000000010232,0.0,0.20000000000010232,0.20000000000010232,0.20000000000010232,0.20000000000010232,0.20000000000010232,0.0,0.0,0.19999999999981807,0.19999999999981807,0.19999999999981807,0.19999999999981807,0.19999999999981807,0.0,0.0,0.0,0.0,0.20000000000010232,0.20000000000010232,0.20000000000010232,0.20000000000010232,0.40000000000020464,0.20000000000010232,0.20000000000010232,0.20000000000010232,0.20000000000010232,0.0,0.0,0.0,0.0,0.0,0.19999999999981807,0.19999999999981807,0.19999999999981807,0.19999999999981807,0.39999999999992036,0.20000000000010232,0.20000000000010232,0.20000000000010232,0.20000000000010232,0.0,0.0,0.0,0.0,0.0,0.0,0.0,0.0,0.0,0.0,0.0,0.0,0.20000000000010232,0.20000000000010232,0.20000000000010232,0.20000000000010232,0.20000000000010232,0.0,0.0,0.0,0.0,0.0,0.0,0.0,0.0,0.19999999999981807,0.19999999999981807,0.19999999999981807,0.19999999999981807,0.19999999999981807,0.0,0.0,0.0,0.0,0.9999999999999432,0.9999999999999432,0.9999999999999432,0.9999999999999432,0.9999999999999432,0.0,0.0,0.0,0.0,0.0,0.20000000000010232,0.20000000000010232,0.20000000000010232,0.20000000000010232,0.20000000000010232,0.0,0.0,0.0,0.0,0.0,0.0,0.0,0.0,0.0
27,0.0,0.0,0.0,0.0,0.39999999999992036,0.39999999999992036,1.2000000000000455,1.2000000000000455,1.8000000000000682,1.8000000000000682,1.8000000000000682,0.9999999999999432,0.9999999999999432,0.39999999999992036,0.0,0.0,0.0,20.200000000000102,24.20000000000016,24.20000000000016,26.599999999999962,26.599999999999962,6.399999999999863,2.8000000000000114,3.5999999999998518,1.2000000000000455,1.2000000000000455,1.2000000000000455,0.7999999999998407,2.1999999999999886,2.1999999999999886,2.8000000000000114,4.200000000000159,4.200000000000159,2.0000000000001705,2.0000000000001705,1.5999999999999657,0.19999999999981807,0.19999999999981807,0.19999999999981807,0.39999999999992036,0.20000000000010232,0.20000000000010232,0.20000000000010232,0.20000000000010232,0.0,0.0,0.0,0.0,0.19999999999981807,0.19999999999981807,0.19999999999981807,0.19999999999981807,0.19999999999981807,0.0,0.0,0.0,0.0,0.0,0.0,0.0,0.0,0.0,0.0,0.0,0.0,0.20000000000010232,0.20000000000010232,0.20000000000010232,0.20000000000010232,0.40000000000020464,0.20000000000010232,0.20000000000010232,0.19972039145206938,0.20000000000010232,0.0,0.0,0.0,0.0,0.0,0.0,0.0,0.0,0.0,0.0,0.0,0.19999999999981807,0.19999999999981807,0.19999999999981807,0.19999999999981807,0.19999999999981807,0.20000000000010232,0.20000000000010232,0.20000000000010232,0.20000000000010232,0.20000000000010232,0.0,0.0,0.0,0.0,0.20000000000010232,0.20000000000010232,0.20000000000010232,0.20000000000010232,0.20000000000010232,0.19999999999981807,0.19999999999981807,0.19999999999981807,0.19999999999981807,0.39999999999992036,0.20000000000010232,0.20000000000010232,0.20000000000010232,0.20000000000010232,0.0,0.0,0.0,0.20000000000010232,0.20000000000010232,0.20000000000010232,0.20000000000010232,0.20000000000010232,0.0,0.0,0.0,0.0,0.0,0.0,0.0,0.0,0.0,0.0,0.0,0.0,0.19999999999981807,0.19999999999981807,0.19999999999981807,0.19999999999981807,0.19999999999981807,0.0,0.0,0.0,0.20000000000010232,0.20000000000010232,0.20000000000010232,0.20000000000010232,0.20000000000010232,0.0,0.0,0.0,0.0,0.19999999999981807,0.19999999999981807,0.19999999999981807,0.19999999999981807,0.19999999999981807,0.0,0.0,0.0,0.0,0.0,0.0,0.0,0.0,0.0,0.0,0.0,0.0,0.0,0.0,0.0,0.20000000000010232,0.20000000000010232,0.20000000000010232,0.20000000000010232,0.40000000000020464,0.20000000000010232,0.39999999999992036,0.39999999999992036,0.39999999999992036,0.19999999999981807,0.19999999999981807,0.0,0.0,0.0,0.0,0.0,0.0,0.0,0.0,0.20000000000010232,0.20000000000010232,0.20000000000010232,0.20000000000010232,0.20000000000010232,0.20000000000010232,0.20000000000010232,3.0000000000001137,3.0000000000001137,3.0000000000001137,2.8000000000000114,2.8000000000000114,0.0,0.0,0.0,0.0,0.0,0.0,0.0,0.0,0.0,0.0,0.0,0.0,0.0,0.0,0.0,0.0,0.0,0.0
28,0.0,0.0,0.0,0.19999999999981807,0.39999999999992036,0.39999999999992036,1.799999999999784,1.799999999999784,2.6000000000001933,2.400000000000091,2.400000000000091,1.0000000000002274,1.0000000000002274,0.19999999999981807,0.19999999999981807,3.5999999999998518,3.5999999999998518,3.5999999999998518,4.600000000000079,4.600000000000079,2.8000000000000114,3.6000000000001364,3.6000000000001364,3.0000000000001137,3.0000000000001137,1.5999999999999657,0.7999999999998407,0.7999999999998407,0.19999999999981807,3.5999999999998518,3.400000000000034,4.000000000000057,4.000000000000057,4.800000000000182,1.4000000000001476,1.4000000000001476,0.9999999999999432,0.9999999999999432,0.19999999999981807,0.19999999999981807,0.19999999999981807,0.20000000000010232,0.20000000000010232,0.20000000000010232,0.20000000000010232,0.20000000000010232,0.0,0.0,0.0,0.0,0.0,0.0,0.0,0.19999999999981807,0.39999999999992036,0.39999999999992036,0.39999999999992036,0.6000000000000227,0.40000000000020464,0.20000000000010232,0.3993610223641378,0.39999999999992036,0.19999999999981807,0.19999999999981807,0.39999999999992036,0.20032051282061528,0.20000000000010232,0.20000000000010232,0.20000000000010232,0.20000000000010232,0.20000000000010232,0.20000000000010232,0.20000000000010232,0.20000000000010232,0.0,0.0,0.0,0.0,0.0,0.0,0.0,0.0,0.0,0.0,0.0,0.0,0.0,0.0,0.0,0.0,0.0,0.0,0.0,0.19999999999981807,0.19999999999981807,0.19999999999981807,0.39999999999992036,0.39999999999992036,0.20000000000010232,0.20000000000010232,0.20000000000010232,0.20000000000010232,0.20000000000010232,0.20000000000010232,0.20000000000010232,0.20000000000010232,0.19999999999981807,0.19999999999981807,0.19999999999981807,0.19999999999981807,0.19999999999981807,0.0,0.0,0.0,0.0,0.0,0.0,0.0,0.0,0.20000000000010232,0.20000000000010232,0.20000000000010232,0.20000000000010232,0.20000000000010232,0.0,0.0,0.0,0.0,0.20000000000010232,0.20000000000010232,0.20000000000010232,0.20000000000010232,0.20000000000010232,0.0,0.0,0.19999999999981807,0.19999999999981807,0.19999999999981807,0.19999999999981807,0.19999999999981807,0.0,0.0,0.0,0.20000000000010232,0.20000000000010232,0.20000000000010232,0.20000000000010232,0.20000000000010232,0.0,0.0,0.0,0.0,0.0,0.0,0.0,0.0,0.0,0.19999999999981807,0.19999999999981807,0.39999999999992036,0.39999999999992036,0.39999999999992036,0.19984012789778408,0.20000000000010232,0.20000000000010232,0.20000000000010232,0.20000000000010232,0.2001601281025844,0.39999999999992036,0.19999999999981807,0.19999999999981807,0.19999999999981807,0.19999999999981807,0.0,0.0,0.0,0.0,0.0,0.0,0.20000000000010232,0.20000000000010232,0.20000000000010232,0.40000000000020464,0.40000000000020464,3.400000000000034,3.400000000000034,3.400000000000034,3.400000000000034,3.400000000000034,0.20000000000010232,0.20000000000010232,0.20000000000010232,0.0,0.19999999999981807,0.19999999999981807,4.799999999999898,4.799999999999898,5.0,4.800000000000182,4.800000000000182,0.20000000000010232,0.39999999999992036,0.19999999999981807,0.19999999999981807,0.19999999999981807,0.19999999999981807,0.20000000000010232,0.20000000000010232,0.20000000000010232,0.20000000000010232,0.20000000000010232,0.0,0.0,0.0,0.19999999999981807,0.19999999999981807,0.19999999999981807,0.19999999999981807,0.19999999999981807,0.0
29,0.0,0.0,0.20000000000010232,0.20000000000010232,0.20000000000010232,0.40000000000020464,0.40000000000020464,0.8000000000001251,0.8000000000001251,1.4000000000001476,1.2000000000000455,1.3999999999998636,0.7999999999998407,0.7999999999998407,0.19999999999981807,0.19999999999981807,4.399999999999977,6.400000000000147,6.400000000000147,6.400000000000147,6.400000000000147,4.200000000000159,2.999999999999829,2.999999999999829,3.400000000000034,3.400000000000034,1.2000000000000455,0.40000000000020464,0.40000000000020464,2.3999999999998063,2.3999999999998063,3.1999999999999313,3.1999999999999313,4.199999999999875,1.8000000000000682,2.0000000000001705,1.2000000000000455,1.2000000000000455,0.20000000000010232,0.20000000000010232,0.19999999999981807,0.19999999999981807,0.19999999999981807,0.19999999999981807,0.19999999999981807,0.0,0.0,0.0,0.20000000000010232,0.20000000000010232,0.20000000000010232,0.20000000000010232,0.20000000000010232,0.0,0.0,0.20000000000010232,0.20000000000010232,0.20000000000010232,0.20000000000010232,0.20000000000010232,0.0,0.0,0.0,0.0,0.0,0.19999999999981807,0.19999999999981807,0.19999999999981807,0.19999999999981807,0.19999999999981807,0.0,0.20000000000010232,0.20000000000010232,0.20000000000010232,0.20000000000010232,0.39999999999992036,0.19999999999981807,0.19999999999981807,0.19999999999981807,0.19999999999981807,0.0,0.0,0.0,0.0,0.0,0.0,0.0,0.0,0.0,0.20000000000010232,0.20000000000010232,0.20000000000010232,0.20000000000010232,0.20000000000010232,0.0,0.0,0.0,0.0,0.0,0.39999999999992036,0.39999999999992036,0.39999999999992036,0.39999999999992036,0.39999999999992036,0.0,0.0,0.0,0.0,0.0,0.20000000000010232,0.20000000000010232,0.20000000000010232,0.20000000000010232,0.20000000000010232,0.0,0.0,0.0,0.20000000000010232,0.20000000000010232,0.20000000000010232,0.20000000000010232,0.20000000000010232,0.0,0.0,0.0,0.0,0.0,0.0,0.0,0.0,0.19999999999981807,0.19999999999981807,0.19999999999981807,0.19999999999981807,0.19999999999981807,0.20000000000010232,0.20000000000010232,0.20000000000010232,0.20000000000010232,0.20000000000010232,0.0,0.20000000000010232,0.20000000000010232,0.20000000000010232,0.20000000000010232,0.20000000000010232,0.0,0.0,0.0,0.0,0.0,0.0,0.0,0.19999999999981807,0.19999999999981807,0.19999999999981807,0.19999999999981807,0.19999999999981807,0.0,0.0,0.0,0.0,0.20000000000010232,0.20000000000010232,0.40000000000020464,0.40000000000020464,0.40000000000020464,0.20000000000010232,0.20000000000010232,0.0,0.0,0.0,0.0,0.0,0.39999999999992036,0.39999999999992036,0.39999999999992036,0.39999999999992036,0.39999999999992036,0.0,0.0,0.0,0.0,0.0,0.0,0.0,0.0,0.0,0.0,0.0,0.0,0.0,0.0,0.0,0.0,0.0,1.3999999999998636,1.3999999999998636,1.3999999999998636,1.3999999999998636,1.3999999999998636,0.0,0.0,0.0,0.0,0.20000000000010232,0.20000000000010232,0.20000000000010232,0.20000000000010232,0.20000000000010232,0.0,0.0,0.0,0.0,0.20000000000010232,0.20000000000010232,0.20000000000010232,0.39999999999992036,0.39999999999992036,0.19999999999981807
